:020000041000EA
:1000000000B5324B212058609868022188439860DF
:10001000D860186158612E4B002199600221596106
:100020000121F02299502B49196001219960352056
:1000300000F044F80222904214D00621196600F024
:1000400034F8196E01211966002018661A6600F04E
:100050002CF8196E196E196E052000F02FF8012189
:100060000842F9D1002199601B49196000215960AB
:100070001A491B48016001219960EB211966A021F2
:10008000196600F012F800219960164914480160C1
:100090000121996001BC002800D000471248134993
:1000A000086003C880F30888084703B5996A0420EC
:1000B0000142FBD001200142F8D103BD02B5186610
:1000C0001866FFF7F2FF186E186E02BD00000240BE
:1000D000000000180000070000035F00212200005C
:1000E000F4000018222000A00001001008ED00E03C
:1000F00000000000000000000000000074B24E7A12
:1001000000200420F7010010CB010010CD010010E9
:10011000C9010010C9010010C9010010C901001077
:10012000C9010010C9010010C9010010CF01001061
:10013000C9010010C9010010D1010010D301001045
:10014000C1010010C1010010C1010010C101001067
:10015000C1010010C1010010C1010010C101001057
:10016000C1010010C1010010C1010010C101001047
:10017000C1010010C1010010C1010010C101001037
:10018000C1010010C1010010C1010010C101001027
:10019000C1010010C1010010C1010010C101001017
:1001A000C1010010C1010010C1010010C101001007
:1001B000C1010010C1010010C1010010C1010010F7
:1001C000EFF30580103800BE00BE00BE00BE00BECA
:1001D00000BE00BEF2EB8871A80C0110C80C011023
:1001E0003802001090A31AE71E481F49086006C88D
:1001F00081F3088810471D480068002801D019487D
:10020000F3E70DA40ECC002902D000F012F8F9E7B4
:100210001749184A002000E001C19142FCD116495B
:100220008847164988471649884700BEFDE701C937
:1002300001C29A42FBD37047C80C0110C0000020D5
:100240005C0B002064170110000004200000042053
:1002500064170110001004200010042000000000AA
:10026000704700000000000008ED00E0000000D032
:100270005C0B002090310020617D001035030010E0
:10028000217D0010F8B5C04606480749091A8B10B1
:10029000C90FC91810B5491003D0044B002B00D06A
:1002A000984710BD5C0B00205C0B00200000000094
:1002B000054B10B5002B03D00449054800E000BFF2
:1002C000FFF7E2FF10BDC04600000000082F00202D
:1002D00014DF001010B505F0C7F8002905D0FA2288
:1002E0009200002305F0FCFC10BDFA21890005F006
:1002F000B9FCF9E77047704710B5FFF7EBFF0B4B00
:100300001B68C01AFA229200904200D210BD074A20
:10031000FA2189008C4663441360054C207805F06F
:10032000C9F82378012253402370EFE77C31002085
:100330008E31002000B583B007F054FE144B00222C
:10034000DA6205F0ADF808F0F3F808F0D5F808F037
:1003500087F801A90F4B1B880B80002003F0A8FD34
:100360000D4B002B01D005F0B8F80CF089FB01E033
:1003700007F064FF01200021404201F071FF0CF002
:10038000E9F9FFF7B9FF054B1B78002BF0D0F1E737
:100390000040054018DF0010DB540010E804002086
:1003A00010B504F06DFF10BD7047000030B50500BA
:1003B0004B0613D0012200E001320F2A0CD8530162
:1003C000074C18191B5D002BF6D0437FAB42F3D1CD
:1003D00083788B42F0D100E0002030BD0048FCE77C
:1003E000C81F0020012200200F2A09D85301054907
:1003F00058185B5C002B01D00132F5E7511E817764
:100400007047C046C81F0020F0B5C64600B584B08E
:100410000D00437F98468778C68A00F097FC01ACB0
:100420000C220021200006F02DFB022363704346BE
:10043000A370277165710396012120000DF040FD26
:1004400004B080BCB846F0BD10B50A4BDB6C9B070E
:1004500009D5094B9B7E002B06D007480823C38291
:100460000021FFF7D1FF10BD044B054A0548AD211F
:1004700007F05AFC00001150C81F00201CDF0010BC
:1004800040FE001028DF001010B50C000A4B9865E4
:100490008B7E002B05D0080000F0DEFC002806D182
:1004A00010BD064B064A0748692107F03DFC0021B4
:1004B0002000FFF7A9FFF3E7003011501CDF001008
:1004C00054FE001028DF001070B5164B9E6DF30728
:1004D00001D4012519E001239E4313494B681B6891
:1004E0000120FFF7D1FFF4E7864369010E4BC918DD
:1004F000FFF7CAFF0134012C06D86B001B1901203D
:1005000098403042F6D0EFE701350F2D03D8002E8A
:1005100001D00024EFE7002E00D170BD0348310068
:1005200004F06CFA00001150C81F002060DF0010BA
:1005300030B585B0324A9823D458973B1D002540EA
:10054000234211D0136D1B0A9B0721D001A8002361
:10055000037043700371437101210DF0B1FC294B0D
:10056000C02292001A65012563051CD4E30626D437
:1005700023072CD4630605D540231D43214B80223D
:1005800012051A65A3062ED4A54233D105B030BD9D
:1005900001A80023037001224270037143710121FD
:1005A0000DF08EFCDBE78023DB001D43154B802222
:1005B00092051A6514480221FFF726FFD6E710239B
:1005C0001D43124807F048FDFFF77EFFD0E70823E0
:1005D0001D430C4B8022D2021A650D4807F03CFDEA
:1005E000FFF732FFC6E7074B802212061A6509485B
:1005F00004F004FA29006140074804F0FFF9C046FE
:100600000000115000301150C81F002078DF00108A
:100610008CDF0010A0DF0010B4DF001070B5051EE5
:1006200008D1164C164BA360164B6360164BE36063
:10063000200070BDFFF7D6FE0400144BAD00E95852
:10064000827F134807F038FD002C0FD0A37FDA001B
:1006500010495118A16010498C466244626002330F
:100660009B01094A94466344E360E1E70B4B0C4A63
:1006700020210C48FF3107F057FBC046C81F00205F
:10068000800010500001105080011050B0FD00108B
:10069000C8DF00108800105008001050DCDF001088
:1006A000C0FD001028DF001070B500281DD100F03B
:1006B00025FB114C0C23A367104D2900052004F0E5
:1006C0005DF8FF222900052003F04CFF0C48802232
:1006D0009200002106F0D6F903232364094BE3645A
:1006E0009023094AE250012070BD084B084ABF21FF
:1006F0000848490007F018FB0000115031050010B0
:10070000C81F0020008600207B040000E0DF0010EE
:1007100034FE001028DF001010B5002800D110BDF5
:10072000034B044AD5210448490007F0FDFAC046AE
:10073000E0DF001024FE001028DF001070470000EA
:1007400070B500280DD10A4D296DC024A4002140A8
:10075000084807F0B1FC286D2040431E9841C0B204
:1007600070BD054B054AB8210548FF3107F0DCFA9A
:1007700000001150ECDF0010E0DF00100CFE001054
:1007800028DF001010B5031E0AD10A4A126D120AA2
:1007900003201040012802D0022808D1180010BD03
:1007A000054B064AC0210648FF3107F0BDFA05484F
:1007B00004F024F900001150E0DF0010F8FD0010F3
:1007C00028DF0010F0DF0010F8B5CE46474680B5B0
:1007D00004000E00994608A90D7809A90B789C46DB
:1007E00043689846002B4DD08368002B51D0C168D8
:1007F000002955D07F2318001040D709A2706677D2
:100800006770134253D17E3BE3704B462383E576FA
:100810002B4B4B4089064CD1AD061D43A0231B0634
:100820002B436246002A02D0013A12041343424687
:10083000136001232370234B9C421FD003043343D6
:100840001D00002F02D18025AD041D430020FFF7BD
:1008500099FF0700300000F04DFF874202D080234F
:10086000DB041D43A37F9B00174A944663445D60ED
:10087000A27F013201239340144A5365C0BCB9469C
:10088000B046F8BD124B134A9B211348490007F0AC
:100890004BFA124B0F4A38210F48FF3107F044FA48
:1008A0000F4B0C4A9C310C48490007F03DFA0023DD
:1008B000AAE70C4B074AA6210748490007F034FA7B
:1008C00000001050C81F00200000115000201150DF
:1008D00000E000109CFD001028DF001018E0001060
:1008E0002CE000103CE00010F8B50D001F4B1B7809
:1008F000002B07D01D4B9B7E002B03D01B4B5B7F37
:100900008B4202D0002D2FD1F8BD18480023037070
:10091000426813608268136000F018FAF2E701344D
:100920000F2CF1D86001114BC018437FAB42F6D1B8
:100930000E4B6201D35C002BF1D00C4E1700827F6E
:100940000132012393400A4A5365837F9B00094A81
:100950009446634400225A60BA5543681A6083681B
:100960001A6000F0F3F9DAE70124D9E7C81F002084
:10097000003011500000115010B5002804D10121A1
:10098000052003F0A3FD10BD034B044AF8210448E1
:10099000FF3107F0C9F9C046E0DF0010E8FD0010A4
:1009A00028DF001030B583B00D001400D078800728
:1009B000800FFFF733FE002812D0A27821796379E7
:1009C0001B020B435B055B0DE1788907890FA47956
:1009D000019400912900FFF7F7FE012003B030BD1C
:1009E00003490448044A07F067FB0020F6E7C046C5
:1009F000D8FD001058E000100E020000F0B5D646F9
:100A00004F464646C0B582B00E0015009A460AAB66
:100A10001B8899467F271740D3099846110030005C
:100A2000FFF7C4FC041E1FD0837E002B23D18378E4
:100A3000AB420AD0002F24D1038B00220192C27E48
:100A400000922A003100FFF7BFFE244B9C421ED0CB
:100A50004A465146200000F0E3F9012002B0E0BC14
:100A6000BA46B146A846F0BD1D491E481E4A07F0C9
:100A700023FB0020F2E71D4B194A1D481D4907F0D2
:100A800053F91D4B164A1A481C4907F04DF94A46BE
:100A90005146200000F0C4F93B043343184A136068
:100AA0004346002B16D0174C0020FFF76BFE0500C5
:100AB000300000F01FFE85420ED040232343012268
:100AC000190091430E4AD1640C210339FDD2D3643D
:100AD0000120C3E70C4CE7E70023EFE7C81F002025
:100AE0008CFD001058E000102B02000070E0001098
:100AF00028DF00102E0200007CE00010330200000E
:100B00000000115009860020058600200020704753
:100B100070B582B00D00002304E0D45C2448C454B6
:100B20000133DBB2072BF8D90020FFF777FD041E55
:100B300028D0837E002B2DD1038B002201920092BE
:100B40002900FFF741FE2678002E29D00823A38232
:100B5000073BA376174B1D600020FFF713FE040030
:100B6000280000F0C7FD844220D0134A0123110061
:100B70009943104BD9640C210339FDD2DA6430005B
:100B800002B070BD9A220D490D48920007F094FA08
:100B90000026F4E70B4B094A0B480C4907F0C4F850
:100BA0000B4B064A08480B4907F0BEF80A4ADDE736
:100BB0000000105000001150438600207CFD001002
:100BC00058E0001070E0001028DF00106B020000F9
:100BD00088E000106F0200000386002004E00A781D
:100BE0000270013101301A00531E002AF7D17047FC
:100BF000F8B504000F00838A028B1E1C934200D9B3
:100C0000161CB6B29B1BA3828022D2003243E3782B
:100C1000002B13D08025AD01154301225340E37012
:100C20006378002B0CD0A38A002B02D18023DB0138
:100C30001D43002F00D02D042800F8BD0025EBE750
:100C4000E068BB01C01821693200FFF7C7FF2369C4
:100C50009B19236180231B021D43E4E770B5040048
:100C600083681B68002900D01B0C9D05AD0D6278C0
:100C7000002A11D11B0409D4E38A5B19E382238B78
:100C8000AB4201D90023A382280070BD0D4B0E4A50
:100C90000E48E82107F048F81B040DD52069E368E9
:100CA000890159182A00FFF799FFE38A5B19E3824B
:100CB00023695B192361E2E7054B034A0348EE21F0
:100CC00007F032F8C0E000106CFE0010E0E0001009
:100CD00018E1001010B5040083681B680021FFF7BD
:100CE000BDFF63681B685B0002D5238B834200D085
:100CF00010BD01212000FFF7B1FFF9E710B58023F7
:100D00005B040C4A13600C4A13600C4B1A68802376
:100D10005B049343F9D1802252010021084805F079
:100D2000B1FE084B09225A670748202107F0C4F991
:100D300010BDC04600E0004000F0004008C0004088
:100D4000000010500000115038E10010002383769D
:100D50008382C3820361704710B5002902D0836883
:100D60001B681940002A10D0114352050DD5826826
:100D700013685B050CD4084B0B401360074B1B6CCE
:100D80009B0702D40C23033BFDD28368196010BD7E
:100D90008178034803F032FEFFFBFFFF0000115093
:100DA00058E1001070B5040043681E680021FFF789
:100DB0001FFF80256D010543164B1B6C9B0715D546
:100DC000A3785B0617D10023A28A002A01D0002B4A
:100DD00015D0114B1E4080239B053343626813607E
:100DE0002A0000212000FFF7B7FF70BDA378DB09C0
:100DF00003D10133E8E70123E6E70023E4E701211B
:100E00002000FFF7F5FE0543044A3240A023DB052E
:100E10001343E3E700001150FFFFFFAFFFFFFFDFC9
:100E200070B504000D001600837E002B09D1A68248
:100E30000023E3820133A37625612000FFF7B2FF90
:100E400070BD8178034807F037F92000FFF77EFF77
:100E5000EDE7C04678E1001070B50400857E002DF6
:100E600006D0FFF737FFA38A002B05D1280070BDFD
:100E70008178044803F0C2FD2000FFF793FF0025AE
:100E8000F4E7C046B0E100100B4B1B78834206D953
:100E90000A4B1B68C200121A9200981870479A1CDD
:100EA000824206DBC01AC300181A8000044BC01827
:100EB000F4E70020F2E7C0468931002068100020E6
:100EC000B8FF00104369C2781A707047002802D03A
:100ED0000521042004E00421002001E00130C0B21B
:100EE00081420AD9064B5E2242439B1810331B797C
:100EF000DB07F3D40130C0B200E000207047C046E9
:100F0000B018002010B504005E22002105F0BAFDE3
:100F1000200015300822FF2105F0B4FD20001D300F
:100F20002022FF2105F0AEFD10BD0000F0B5D64631
:100F30004F464646C0B584B005008A4690464F4BA2
:100F40001A7803AB1A704DE04D48210007F0B4F851
:100F5000331F03AA0121D15477E00136F6B2494B81
:100F60001B780233B34208DB3000FFF78DFF002807
:100F7000F3D0836920009847EFE721002800FFF7AE
:100F8000B3FC414B5B7D9C4207D03F4B5B789C425E
:100F900016D03800FFF7B6FF25E03B4B1B7D002B3A
:100FA000F3D03A4B99461868012149420CF078FF7A
:100FB000354B00221A754B4618680CF059FFE4E7D0
:100FC000314BFF225A70E4E70023002B05D103AA1E
:100FD000D45C002C3BD10133F7E70123002B47D130
:100FE000002B36D00024042CEED826005E231F00F0
:100FF0006743274ABF180134E4B273439B5CAB429A
:10100000F1D13B0010331B79DB07ECD55346002BA5
:1010100002D07B785345E6D14346002B06D01C4BCB
:101020005E2272439B189B784345DCD1194800949B
:1010300043465246290007F03FF8042C84D8164B4B
:10104000002B02D02000FFF756F9002687E7002387
:10105000C4E703AAD25C002A02D10133DBB2BFE7A6
:1010600003AA0021D1545E1DF2B292469846B9E718
:1010700004B0E0BCBA46B146A846F0BD50E400104A
:10108000FCE1001089310020EC040020901B0020BE
:10109000B0180020D8E10010F702001070B506006B
:1010A0000D00002404E0315D044807F005F8013428
:1010B000AC42F8D3024806F0CFFF70BD14E2001036
:1010C00054EC0010F0B589B007000E00184806F087
:1010D000C3FF06AD174B2A0003CB03C26C46182290
:1010E0000021684605F0CEFC2770E670124BDA8AC4
:1010F000019202959A680392DA6804921A6905923D
:101100001B7D002B06D1049B002B01D0684698471D
:1011100009B0F0BD094C2068012149420CF0C0FE25
:10112000054B00221A7520680CF0A2FEEBE7C046C2
:1011300054EC0010881A0020EC040020901B0020C2
:1011400010B5054BFF225A701879002800D110BD48
:1011500001F096FDFBE7C046EC040020F0B5DE464A
:1011600057464E464546E0B589B083460F0003001A
:10117000013BDBB2042B12D8421E5E235343504A7C
:1011800098469044BB78F978090219437B18059377
:101190003E78BE194B4806F08FFF079730E00023DA
:1011A0009846EFE7079FF11B474806F085FF0120AF
:1011B00017E0F2789146F6182DE044494448454A34
:1011C00006F07AFF00200CE040494148424A06F010
:1011D00073FF002005E03D493D48404A06F06CFFA2
:1011E000002009B0F0BCBB46B246A946A046F0BDFF
:1011F00080462300524631001D3002F059FF56440C
:10120000059B9E4259D23378002BCBD072780B2AA3
:10121000CFD0012399467378042BCED1059B9A1B1E
:1012200092B24946300002F065FF82460828CBD9C9
:1012300000244B46069306E0294B1B780233BB4241
:101240002DD00134E4B22700254B1B780233A34292
:10125000D5DB2000FFF718FE051EEDD0C3689946C8
:1012600043461878534632005946C8470028E3D011
:10127000069B994629681B4806F01EFF00224D4632
:1012800040469542B4D9B3789B18DBB2C118497D6A
:10129000FF29A0D1C3185C750132D2B2F1E74346F1
:1012A0001978B3787279B579F7790F480297019573
:1012B00000925A4606F000FFC3E7012091E7C046BE
:1012C000B01800201CE2001054E2001054FF00107F
:1012D00058E00010250700003E0700004C07000002
:1012E000893100208CE200109CE200107047012040
:1012F00070477047002805D10B4B5878434258413E
:10130000C0B27047431EDBB2042B09D801385E23FC
:101310004343064A9B181B7DDB0703D40020F0E7FC
:101320000020EEE70120ECE7EC040020B0180020DC
:10133000034B1B78181A42425041C0B27047C04656
:10134000EC040020034B1878FF38431E9841C0B2CC
:101350007047C046EC040020F8B506000F00FFF708
:10136000E7FF041E22D17B78022B0AD005D8002B80
:101370001ED0012B1ED1464A04E0AA2B1CD1454A9F
:1013800000E0454A4548310006F096FEFFF7DAFFD7
:10139000002813D0424B1E7039003000FFF784F94B
:1013A000041E00D16EE03000FFF7E6FA2000F8BD21
:1013B0003C4AE7E70022E5E70022E3E73A481C2140
:1013C00006F07AFE39485E2106F076FE38480C2198
:1013D00006F072FE3748182106F06EFE36481421DA
:1013E00006F06AFE3548242106F066FE344803F014
:1013F000F9FB344C200003F0F5FB143C200002F014
:10140000AAFF314B1C60314C200003F09FFB304B96
:101410001C60304B002B04D02F4800E000BF2F4B46
:1014200018602F48EB225200002105F02BFB1C4CCA
:101430001C220021200005F025FBFF232370637090
:10144000002407E05E206043254BC018FFF75AFDDB
:101450000134E4B2042CF5D9002401E00134E4B2F3
:101460001D4B1B780233A34200DA93E72000FFF7FD
:101470000BFD051EF2D001681A4806F01DFE6B68D0
:101480009847EBE718491948194A06F015FE8DE709
:10149000FCE2001000E30010ECE2001008E3001092
:1014A000EC040020F4E2001034E3001050E30010DC
:1014B00070E300108CE30010A8E30010C4E30010F8
:1014C000601C00201C0500209C1B0020941B002099
:1014D000901B0020000000008931002068100020CF
:1014E000B0180020E8E30010A8FF001058E000103A
:1014F0000302000010B5FFF725FF002800D110BD42
:10150000034B186802F0B8FE01235840C0B2F6E75A
:101510009C1B002000487047901A002070B5040002
:101520000D00431EDBB2042B07D8421E5E2353433B
:10153000104A9B181A7DD20707D40F490F48104A4A
:1015400006F0BAFD0026300070BD7F200840CA09B1
:101550000C4909684000801838301818053002F02E
:10156000E3FC061EEFD008482A00210006F0A4FD87
:10157000E9E7C046B01800200CFF001058E000104A
:10158000CB030000901B0020F4E30010F8B504002A
:101590000E00431EDBB2042B1FD8421E5E235343B2
:1015A0000F4A9B181D7DED07EF0F002D01D138006C
:1015B000F8BD7F200840CA090A4909684000801820
:1015C00038301818053002F0D7FC071EEFD0064857
:1015D0003200210006F070FDE9E70027E7E7C0468A
:1015E000B0180020901B002010E40010F0B5D64683
:1015F0004F464646C0B584B080460E0003929A46D8
:101600000300013BDBB2042B4AD80300013B5E24FC
:101610005C43244BE4187F230B409946CF092248B2
:10162000524606F049FD4B465D006519ED19383507
:101630006B79DB0716D44B465B00E318DB193833B4
:101640005A7901210A435A71207853460093039B2B
:1016500032004146FFF7D2F9051E10D0134806F0BC
:10166000FBFC05E012491348134A06F025FD00254E
:10167000280004B0E0BCBA46B146A846F0BD4B46CF
:101680005B00E418E41938346379012293436371F1
:101690006379033293436371084806F0DDFCE7E7A2
:1016A0000025E5E7B01800202CE4001054E40010F9
:1016B000ECFE001058E00010F503000058E40010A4
:1016C00010B5030008005A1ED2B2042A09D8013B03
:1016D0005E214B4305495918042205F0D9F9012030
:1016E00010BD0349042205F0D3F9F8E7B018002033
:1016F000EF04002010B582B001AC2100FFF7E0FF3D
:10170000E07802B010BD10B582B001AC2100FFF747
:10171000D7FF207802B010BD70B582B004000E0073
:10172000FFF7F1FF01000D4D33002200280006F005
:10173000C3FC6D4607220021684605F0A3F9072384
:101740002B70023B6B70AE802000FFF7DCFF6A4617
:101750002100FFF727F902B070BDC04660E4001019
:10176000F8B5CE46474680B505000C0033480A0060
:10177000290006F0A1FC7F231F002740E2099046C4
:10178000234217D06B1EDBB2042B54D86B1E5E268F
:101790005E432B4BF6187B00F318434438335B79D8
:1017A000DB07DA0F9146002B2CD14846C0BCB94666
:1017B000B046F8BD2800FFF7A6FF224B5B7DAB4289
:1017C00036D1204B1B7D002B02D100239946ECE73C
:1017D00022002900FFF79AF91A4B1B7D002B02D13A
:1017E00001239946E1E7184C2068012149420CF099
:1017F00057FB144B00221A7520680CF039FB0123AB
:101800009946D2E7307822002900FFF77FF97F0060
:10181000F319434438335A7901218A435A710A4BE8
:10182000196847443837F019053002F0A5FBBCE7CA
:1018300000239946B9E700239946B6E784E40010EF
:10184000B0180020EC040020901B0020F0B585B0FB
:10185000040015001E00FFF756FF0700012D17D0EA
:10186000022D03D0002D65D000240EE08048330007
:101870002200390006F020FC7E480821FFF70EFC0C
:1018800029002000FFF71EFC0124200005B0F0BD58
:101890002000FFF72FFD002803D0774B1B7E022B83
:1018A0000FD9764833002200390006F005FC714854
:1018B0000821FFF7F3FB29002000FFF703FC0124B8
:1018C000E3E701336E48032200922200390006F05C
:1018D000F3FB6C4D2868012149420CF0E1FA664B9C
:1018E00001221A751A7E01321A760022DA822868DD
:1018F0000CF0BEFA2000FFF706FF5E4A2100FFF75A
:1019000007F9041EC1D15C4B1B7D002B05D15E493C
:101910005E485F4A06F0D0FBB7E75A4D28680121C0
:1019200049420CF0BDFA544B00221A7528680CF09D
:101930009FFAECE7504B1B7DDAB2022B34D0032A1E
:101940006ED0012A00D091E04A4BDB88002B2BD0CF
:10195000494B1B7D022B18D1464B1B78DB0921D04C
:1019600080225242434BD988434B9B68D2B20091AC
:1019700021003800FFF742F8041E00D085E74249F5
:101980004248444A06F098FB7FE73E4D2868012113
:1019900049420CF085FA384B02221A7528680CF07F
:1019A00067FAD9E70022DDE7324BDB88002B1CD138
:1019B000B6B2314BDE821B7D032B22D12D4B1B781F
:1019C000DB092BD180225242D2B2002300932100A6
:1019D0003800FFF713F8041E00D056E7D4222A4936
:1019E0002A48920006F068FB4FE72B482200390096
:1019F00006F062FB204B98680222310002F09CFB4B
:101A0000D6E7204D2868012149420CF049FA1A4BCB
:101A100003221A7528680CF02BFACFE70022D3E7CF
:101A2000144B5B78092B05D029002000FFF74AFBF7
:101A300001242AE70F4B1B780393002BF4D10127D5
:101A400010E000213943C9B22000FFF789FE0136BA
:101A5000F6B2012E04D8002EF3D080214942F1E7DE
:101A60000137FFB20F2FDFD8039EF2E700240CE707
:101A7000A8E40010881A0020EC04002004E50010FF
:101A8000D8E40010901B002030FF001058E0001038
:101A9000320300004103000034E5001070B505007A
:101AA0000E00FFF727FE01000122300002F080FA4D
:101AB000041E09D02800FFF726FE32002900FEF799
:101AC00071FF0400200070BD02490348034A06F07C
:101AD000F3FAF7E7DCFE001058E000101C040000E9
:101AE000F8B507000C00431EDBB2042B07D8431ED9
:101AF0005E265E43164BF6180134E4B203E000267E
:101B0000FAE70134E4B2072C0ED83319587DFFF7F9
:101B1000BBF9051EF5D001680E48220006F0CCFA8C
:101B20002B69210038009847082C00D0F8BDFFF73A
:101B300007FB042F06D8084B002BF7D03800FEF720
:101B4000D9FBF3E70548390006F0B6FAEEE7C046E0
:101B5000B01800204CE50010F502001068E50010F8
:101B600070B586B00400C378012B16D0C84B002294
:101B70001A7006784069731EDBB2042B2CD8731ED2
:101B80005E255D43C34BED18002D29D0132800D9E5
:101B9000D5E28300C04AD3589F46BD4A137801332B
:101BA000DBB21370BD4A5278FF2A01D0022B03D951
:101BB000FFF7C6FA06B070BD6420FEF7F1FBB44B28
:101BC00019780131B648032206F076FA200000F0B9
:101BD00081FC0028EED1EBE7002E07D00025D3E7EB
:101BE000B049B148B14A06F067FAE3E70025CDE70E
:101BF00005ACAA4B59791879220000F0C3FF23786D
:101C0000DB0710D5A54B18795979A94B0222009210
:101C1000023200F0E1FE0028CCD1A249A248A54A38
:101C200006F04AFAC6E7A44806F016FAFFF788FA63
:101C3000C0E71420FEF7B4FB9D4B984A5179107908
:101C400003220092002200F045FF0028B2D19549FE
:101C500095489A4A06F030FAACE705AC8F4B5979B3
:101C60001879220000F08EFFA378DB06A2D58B4BFB
:101C7000187959798E4B04220092103200F05AFEE6
:101C8000002897D1874988488D4A06F015FA91E7D0
:101C900005AC824B59791879220000F073FF237844
:101CA000DB0726D505AB5B785A0728D45B080122F1
:101CB00013407A4A93710A20FEF772FB0821002034
:101CC000FFF72AFD00281CD07E4806F0C5F9784BA6
:101CD0007D49062200920232002000F007FD002814
:101CE00000D067E7C4226F496F48D20006F0E4F9DC
:101CF00060E7764806F0B0F9FFF722FA5AE70223C8
:101D0000D7E768496848724A06F0D6F952E7634B4C
:101D10005A791979D878FFF709F96E4B187B093889
:101D200043425841C0B2FFF7D1F8051E23D0431EED
:101D3000DBB2042B25D8431E5E245C43554BE418CC
:101D400065490422200004F0A3FE237D01221343F1
:101D50002375604BDB7B6372554A07232900002003
:101D600000F056FD002800D024E74E494E485B4A5B
:101D700006F0A2F91EE74B494B48594A06F09CF978
:101D800018E70024DCE70220FEF70AFBA3689D7831
:101D90006B1EDBB2042B2FD86A1E5E2353433D4ECD
:101DA0009E19337D0222134333753C4C6570E078F5
:101DB0000021FEF799FD637D002B23D0374B5B7824
:101DC000002B30D0717A2800FFF7A6FC00282ED017
:101DD000444806F041F9364B3B49082200920A324A
:101DE000280000F083FC002800D0E3E62D492E48AF
:101DF0003D4A06F061F9DDE62A492B483B4A06F0E8
:101E00005BF9D7E6254B1B7D002BD7D0384C2068DB
:101E1000012149420CF044F8204B00221A75206839
:101E20000CF026F8CAE71D4BFF225A70CAE71D497D
:101E30001D48304A06F040F9BCE6264C6289AA806B
:101E4000227BAA71627BEA71A27B2A72E27B6A72B0
:101E5000228A6A81628AAA81A28AEA81A27D2A7480
:101E6000E27D6A74227EAA74627EEA7408342100DC
:101E70003000FFF73BFA092302930D4B0193022335
:101E80000093230000220021300000F04FFC91E677
:101E90008C310020B01800207CFE0010EC040020E3
:101EA00088E5001074FF001058E00010DB0500000A
:101EB000611B0010EB050000A4E50010F305000015
:101EC000FD05000000E60010901A0020D0E500108B
:101ED0001C060000881A0020EF04002033060000D2
:101EE0002C06000024E60010450600003C06000019
:101EF000901B002042060000E3681A78914B0A21EB
:101F0000029191490191009200220021300000F0DD
:101F10000DFC4FE68D4B1B7A032B0FD98B4B5A8947
:101F2000297C00290DD0874B0B2002908648019018
:101F300002200090300000F0F9FB3BE6844AEFE716
:101F4000834A297C00290FD1697C002926D00C28DE
:101F50001DD07C4B0D2002907B4801900220009008
:101F6000300000F0E3FB25E6A36818795A791202E5
:101F70000243E3681878734B0C240294724C01946A
:101F80000090300000F0D2FB14E6714ADCE7A36851
:101F900018795A7912020243DBE76D4A697C0029FD
:101FA0000FD1A97C002925D00E281DD0654B0F200C
:101FB00002906548019002200090300000F0B6FBCE
:101FC000F8E5A36818795A7912020243E368187891
:101FD0005C4B0E2402945C4C01940090300000F0A5
:101FE000A5FBE7E55A4ADCE7A36818795A7912029B
:101FF0000243DBE7A97C002916D15648002106F0F0
:102000005BF8504A112301934F4B009309230021A1
:10201000300000F07DFB002800D0CBE54E494F4852
:102020004F4A06F049F8C5E5A36818795A791202B3
:102030000243E3681878434B10240294424C019405
:102040000090300000F072FBB4E5404B5D898023C6
:102050005B009D4219D8A3681C794248210006F014
:102060002BF8384A12230193374B00932B002100A1
:10207000300000F04DFB002800D09BE5D922364906
:102080003648D20006F018F894E533493348364A0A
:1020900006F012F88EE5A3681C792A4A2100300068
:1020A000FFF725F900281BD10134E4B2EB7CA342F1
:1020B00027D92848210005F0FFFF224A1123019368
:1020C000214B009309232100300000F021FB002860
:1020D00000D06FE520492148244A05F0EDFF69E56D
:1020E000194A0134E1B21323300000F0D3FB002879
:1020F00000D05FE5DA2218491848D20005F0DCFF6D
:1021000058E5154915481A4A05F0D6FF52E5194811
:1021100005F0A2FF2B7D042213432B7509493000E3
:10212000FFF71CF8002804D0FF213000FFF7D8FC8F
:1021300040E509490948104A05F0BEFF3AE5FEF7B7
:10214000FFFF37E5901A0020611B0010881A00205D
:10215000090400003CE6001074FF001058E0001075
:10216000B70600006CE60010C3060000D5060000AC
:10217000D306000090E60010E106000030B589B0FB
:1021800003782F4CE37003792371437963719620B0
:10219000FEF706F92079002806D1294B9A78DC78D9
:1021A0000121A1408A439A70002807D0244B597915
:1021B000002936D10024200009B030BD204BD8784A
:1021C000FEF7BEFA002822D01D4CE078FEF7A4FAF4
:1021D0003220FEF7E5F8E078FEF7B0FAE078FEF797
:1021E000AFFA041E1AD0164DE878FEF7CBFAA871A4
:1021F000144B8000C158144805F05EFF02A800236C
:102200000370C37005334361FFF7AAFCD3E70F489F
:1022100005F022FFFEF794FF0124CCE7FEF790FFC4
:10222000FAE70B4B01220092002200F053FC041E3F
:10223000C1D108490848094A05F03EFFBBE7C0463E
:10224000EC04002034020110C8E60010A4E60010DF
:10225000611B001088FF001058E00010B40500005A
:10226000F0B5C64600B586B08846FFF76BF8002883
:1022700000D065E006B080BCB846F0BD032B5FD14E
:10228000049B002B5CD00598984759E0824B5B7803
:10229000FF2B0BD103AC2178804805F00DFF7E4B5E
:1022A00000225A702000FFF769FF49E003AB19785C
:1022B0007B4805F001FF7B4C206801F0DDFF060044
:1022C00024686269EFF3108172B61368002BFCD0AA
:1022D000BFF35F8FA16103A9200002F00AF86269D1
:1022E000A369BFF35F8F0021116083F3108800287A
:1022F00008D003AB187859784246FEF7FAFF002E53
:102300001ED0B7E79E2268496848520005F0D4FE07
:10231000F5E7614B1B7D002B56D0654C20680121F1
:1023200049420BF0BDFD5C4B00221A7520680BF092
:102330009FFD49E003AB5A7919791878FEF7F6FD4D
:10234000584B1C686069EFF3108272B60368002B6B
:10235000FCD0BFF35F8FA26103A9200001F0A8FFAA
:102360006269A369BFF35F8F0021116083F3108856
:10237000002800D17EE703AB5B78022B2CD000D97C
:102380007CE7002B00D181E7012BD9D103AB197871
:102390001A795B79474805F08FFE3F4B5B78002B3D
:1023A000C8D103AB1B783C4AD0788342C2D113001A
:1023B00003AA92889B889A42BCD10021FEF794FA26
:1023C000354B5B7D002BA4D0334B5B78002BB7D112
:1023D000314BFF225A70B3E703AC27797F263E408A
:1023E000FD09A178059B6079334A80008258334803
:1023F00000923A0005F060FEA07800280ED1002E71
:1024000006D103AB5A79059B3900FFF71FFA97E70E
:102410002B4926482B4A05F04FFE2BE7431EDBB223
:10242000042B00D926E7431E5E225A43264BD218BE
:10243000137DDB0700D41DE77300D3185B19383315
:1024400059790124A143597159790334A143597130
:10245000002E13D0760092195219507FFEF714FD0A
:10246000041E12D00168194805F026FE646903A90C
:102470004A79059B88783900A04761E703AB5A7910
:10248000059B3900FFF7E2F95AE70D490748104A62
:1024900005F012FEEEE6C046EC040020D4E6001083
:1024A000F0E600109C1B002048FF001058E00010D0
:1024B000901B002030E70010F001011054E70010DD
:1024C00098FF00107D020000B01800207CE700108B
:1024D000A502000070B582B004004378002B00D044
:1024E000BCE08368002B00D1BCE006783000FEF72A
:1024F00001FF051E00D1B2E05B4B1B7D002B01D01C
:102500000025ACE0594B1868012149420BF0C8FC8A
:10251000554B1B7DDDB2002B11D1534B01221A7597
:102520005E750022DA821A76E2689A602269DA60C1
:1025300062691A61A1684E48082204F0A9FA4B4B5F
:1025400018680BF095FC002D01D0002587E03000C5
:10255000FFF7D9F80100A3681A786020104206D16D
:102560005B780C2B23D8434A9B009B5800E0424BDE
:102570004248320005F0A0FDA0680821FEF78EFD5C
:102580002369002B22D03000FFF7BDF8384A310014
:10259000FEF7BEFA051E62D1334B1B7D002B08D11E
:1025A000B92237493748920005F086FD57E0324B93
:1025B000DEE72E4C2068012149420BF071FC2A4BCA
:1025C00000221A7520680BF053FCE9E76B46DA1D10
:1025D00004231370244B1A612B4ADA603000FFF792
:1025E00092F8234A3100FEF793FA051E03D11E4BE1
:1025F0001B7D002B10D1002D1BD06B4607331B78A1
:10260000042B1CD1FEF776FF0028F6D00120002114
:102610004042FFF725FEF0E7144E306801214942A1
:102620000BF03EFC104B00221A7530680BF020FCBA
:10263000E1E713491348154A05F03EFD0FE06369D1
:10264000002B03D06A46073212781A706B460733A4
:102650001B78E370044BDB8A636000E000252800F0
:1026600002B070BD0025FAE7EC040020901B0020AA
:10267000881A00200002011094E70010A4E700105F
:102680001CFF001058E00010C50E0010EE02000004
:10269000F0B589B007001E000EAB18886C46237891
:1026A0001F25AB432370DBB24135AB432370DDB252
:1026B00080235B422B43237006236370090211437E
:1026C00061800023A380E08002AD18220021280051
:1026D00004F0D8F92F70049405960F9B0693109B75
:1026E00007932800FFF7F6FE09B0F0BD10B584B0DF
:1026F000141C122A00D91224A4B2069A0292019341
:1027000000940B0000220121FFF7C2FF04B010BDAE
:1027100010B584B0079C0294069C019400931300AA
:102720000A000221FFF7B4FF04B010BDF0B589B074
:1027300007001E000EAB18886C4623781F25AB439C
:102740002370DBB24135AB432370DDB280235B42A3
:102750002B43237006236370C0239B000B436380CD
:10276000A280E08002AD18220021280004F08AF93E
:102770002F70049405960F9B0693109B07932800D7
:10278000FFF7A8FE09B0F0BDF0B5D6464F46464665
:10279000C0B588B006000F0015009A4610AB04CBF8
:1027A00090461B889946194805F056FC06AC2378DC
:1027B0001F229343012213432370DBB26022934311
:1027C0002370DAB280235B421343237006236370C5
:1027D0002D0253461D436580A7804B46E3806D461E
:1027E00018220021684604F04DF92E7002944346E9
:1027F0000393129B0493139B05936846FFF76AFEAD
:1028000008B0E0BCBA46B146A846F0BDB4E7001037
:10281000F0B5C64600B588B080460D0017001E0012
:10282000184805F049FC06AC23781F229343237017
:10283000DBB2413293432370DAB27F23134023701B
:102840000523637065800023A380E3806D46182212
:102850000021684604F016F943462B700294049751
:1028600005966846FFF736FE041E04D0200008B027
:1028700080BCB846F0BD04490448054A05F01CFC7C
:10288000F4E7C046D0E70010CCFE001058E000107E
:10289000D7040000F0B5C64600B588B080460D00EC
:1028A00017001E00134805F007FC06AC23781F2212
:1028B00093432370DBB2413293432370DAB27F2318
:1028C000134023700923637065800023A380E38095
:1028D0006D4618220021684604F0D4F843462B7058
:1028E0000294049705966846FFF7F4FD08B080BC93
:1028F000B846F0BDE4E7001010B50400C378002B23
:1029000009D10278053AC168084BD2009818043002
:10291000042204F0BDF8064A136823610021116007
:10292000002B01D02000984710BDC046002D00208C
:1029300080310020F0B5CE46474680B589B080464C
:102940000F0016009946002936D1002206AC2378E4
:102950001F218B4313432370D9B260239943202353
:1029600019432170CAB27F2313402370012363707F
:102970006680A7800023E3806D4618220021684608
:1029800004F080F843462B7002944B460493109B4E
:1029900005930D4BB600F1580C483B00424605F03C
:1029A0008BFB6846FFF796FD041E07D0200009B098
:1029B000C0BCB946B046F0BD0322C7E7044905488C
:1029C000772205F079FBF1E7AC0001100CE800106C
:1029D0009400011058E00010F0B5CE46474680B58F
:1029E00089B080460F0016009946002936D1002292
:1029F00006AC23781F218B4313432370D9B2602385
:102A00009943202319432170CAB27F2313402370B6
:102A1000032363706680A7800023E3806D4618223D
:102A20000021684604F02EF843462B7002944B4672
:102A30000493109B05930D4BB600F1580C483B00D6
:102A4000424605F039FB6846FFF744FD041E07D0F7
:102A5000200009B0C0BCB946B046F0BD0322C7E7AC
:102A600004490548932205F027FBF1E7AC0001106B
:102A70003CE800107C00011058E0001010B582B056
:102A8000C378002B14D10078411F0A010C4BD218D7
:102A900094790C4BC9005B189C70527ADA700A4B1F
:102AA0000022009208320121FFF796FF02B010BD0C
:102AB000322206490648FF3205F0FEFAF6E7C04624
:102AC000F02C0020002D0020D92C0010480001100F
:102AD00058E00010F0B5CE46474680B589B00700F3
:102AE0000D1E914698463FD1002206AC23781F2147
:102AF0008B4313432370DEB260239E4320231E4387
:102B00002670F2B280235B4213432370002363706C
:102B10006380A5800433E3806E4618220021684656
:102B200003F0B0FF377002944B460393434604937F
:102B3000109B0593002D19D07B1F0E4904911B019A
:102B40000D495B18043303930C4B42461A600C4842
:102B50002A00390005F0B0FA6846FFF7BBFC09B05F
:102B6000C0BCB946B046F0BD0322BEE7034B00220D
:102B70001A60ECE7F9280010F02C002080310020CA
:102B800068E8001010B5010010000539044BC900B9
:102B900059180431042203F07BFF012010BDC04608
:102BA000002D002010B503480822002103F06AFF21
:102BB000012010BD002D002001207047F8B50D0048
:102BC00014005279092A34D1A279002A34D1E27949
:102BD000012A33D80F2B10D92778E7197B78052BDA
:102BE00004D1FA78023B1340032B0DD01449154849
:102BF000E92205F061FA00261CE011491148E5229E
:102C000005F05AFA002615E039002800FEF746FFC5
:102C1000061E08D0053DA2780B4BED00EA54BA78A9
:102C20005B195A7006E006490648EB2205F044FAA3
:102C300000E000263000F8BD0026FBE70026F9E79B
:102C40007000011058E00010002D002010B50100A8
:102C5000042806D9441FE400074BE4186378002BCE
:102C600000D110BD054805F027FA082200212000F8
:102C700003F008FFF5E7C046002D002094E800109F
:102C800070B582B00500461F114BF2009B185978B1
:102C9000FEF744FC041E02D1200002B070BD0C4BB4
:102CA000F2009B18597832010A4BD2180023019385
:102CB000009301332800FEF799FC041EECD1044B6D
:102CC000F6009B1959782800FEF760FCE4E7C0463F
:102CD000002D0020F02C002030B583B0C378002BED
:102CE00018D10478651F83681A795979090211434C
:102CF000154BEA009B189B78994212D0C9B201315A
:102D0000C9B2124B0022009208322000FFF764FE85
:102D100003B030BDA2220E490E48520005F0CCF996
:102D2000F6E72000FFF7ACFF002806D0064BED00C9
:102D3000E95C2000FEF7D4FEEAE74E22044905488C
:102D4000FF3205F0B9F9F1E7002D0020D92C001071
:102D50002C00011058E00010F0B587B00478C3785B
:102D6000002B26D183681F79651F4369022B38D059
:102D7000032B71D0012B00D08BE0C16803AD04227E
:102D8000280003F085FE6A884948210005F094F97F
:102D9000AB78DA0719D49B077BD5464805F05CF978
:102DA000454B04220092033A00212000FFF7C2FDA8
:102DB0006DE02000FFF764FF00286FD192223F49A9
:102DC0003F48FF3205F078F968E03E4805F044F9E5
:102DD000394B04220092002200212000FFF7AAFDB7
:102DE00055E0394BED005B199B79DA0710D49A074F
:102DF00017D45A071ED41A0725D4DB0649D52E4B03
:102E000004220092103239002000FFF793FD3EE0CB
:102E1000294B032200920D3239002000FFF78AFD72
:102E200035E0254B042200920D3239002000FFF7D7
:102E300081FD2CE0204B042200920E32390020004C
:102E4000FFF778FD23E01C4B042200920F3239007B
:102E50002000FFF76FFD1AE003AE0C2200213000C6
:102E600003F010FE2000FEF74EFC3070164BED0014
:102E70005B191A79012393437370347177710021C0
:102E800030000BF01DF8707843425841C0B2002862
:102E900004D12000FFF7F4FE002801D007B0F0BDF8
:102EA000ED2206490648520005F006F9F6E7C0464D
:102EB000ACE80010F4E80010592D00100C000110CF
:102EC00058E00010DCE80010002D0020F0B589B0BB
:102ED0000500441F174BE200D35C8B4209D014223B
:102EE00015491648FF3205F0E7F80024200009B024
:102EF000F0BD06AF124B3A0003CB03C26E46182258
:102F00000021684603F0BEFD3570029724010D4B89
:102F1000E418043403940C4B04936846FFF7DAFA80
:102F2000041EE3D1962204490448520005F0C4F877
:102F3000DCE7C046002D00206000011058E00010C2
:102F400008010110F02C00207D2A0010F0B583B09C
:102F50000500002A2AD1471F204B3A01D65C2048A1
:102F6000310005F0A9F8002E20D001231C003440C8
:102F700033420DD101211B4BFA009B189B788B42E9
:102F800012D33300CB40DB0718D40131C9B2F2E7CA
:102F90003A01124BD2180432134B01210091002147
:102FA0002800FFF797FD0400002C04D12800FFF74C
:102FB00067FE041E0BD0200003B0F0BD0A4B0222B6
:102FC000009200222800FFF785FD0400ECE788222C
:102FD00006490748FF3205F06FF8ECE7F02C0020B7
:102FE00004E90010002D0020592D001020000110D0
:102FF00058E0001010B50400002001E00130C0B21C
:103000000B2817D80C4AC3001B1A5B009B5CA34219
:10301000F4D11300C200121A52009B189B788B4205
:1030200009D0054BC200121A52009B18DB788B4264
:10303000E4D100E0FF2010BD7416002000230B2B0C
:103040000BD80749DA00D21A5000425C002A02D09D
:103050000133DBB2F3E7401800E000207047C046C0
:1030600074160020F0B5CE46474680B589B080463C
:10307000894616001F001848110005F01DF806AC1F
:1030800023781F229343012213432370DDB2602370
:103090009D4320231D432570EAB27F2313402370F4
:1030A0000B23637066804B46A3800023E3806D464C
:1030B00018220021684603F0E5FC43462B70029479
:1030C0000497109B05936846FFF704FA09B0C0BC4B
:1030D000B946B046F0BDC04618EA0010F0B5CE467D
:1030E000474680B589B00700884691461E001748BC
:1030F00004F0B2FF06AC23781F229343012213434E
:103100002370DDB260239D4320231D432570EAB266
:103110007F23134023700A2363704B46638043462A
:10312000A3800023E3806D4618220021684603F047
:10313000A9FC2F7002940496109B05936846FFF734
:10314000C9F909B0C0BCB946B046F0BD30EA0010BC
:1031500070B5041E18D00B2916D8C800451A6D008A
:103160000C4EAD19401A4000805D84420BD1012005
:1031700028710948002802D0200000E000BF6978CB
:103180002000FEF7ADFC70BD044905484D2204F057
:1031900093FFF8E7741600200000000030010110D2
:1031A00058E0001010B50400002001E00130C0B26A
:1031B0000B280FD8084AC3001B1A5B009B5CA34274
:1031C000F4D11300C200121A52009B185B788B4294
:1031D000ECD100E0FF2010BD74160020F0B5CE4603
:1031E000474680B585B00400826853780A3BDBB25D
:1031F000012B02D9C378002B29D163699846137932
:103200009946267819003000FFF7CCFF0500002E04
:1032100024D00B2822D8C3001F1A7F00334ABF18BE
:103220001B1A5B009B5C9E421DD14346022B3CD087
:103230001ED8002B2BD0012B15D12D4B2D4A1278E7
:103240007978022000903000FFF70CFF0BE08E220F
:1032500029492A48920004F02FFF04E02849274812
:103260004D2204F029FF05B0C0BCB946B046F0BD00
:10327000032BF8D1FEF74EF90200A3689979DB79A8
:103280001B020B4329003000FFF762FFEBE77B795D
:10329000002B08D00122164B009200224946300034
:1032A000FFF71CFFDFE70222F5E7398980235B0087
:1032B000994209D9134804F0FFFE00230022290097
:1032C0003000FFF745FFCEE7FC79FEF723F9032333
:1032D0000393074B02933B89019300900023220044
:1032E00049463000FFF750FABDE7C046741600208B
:1032F000DD3100108A3100201001011058E000106B
:103300003001011040EA001010B505480E2104F00C
:10331000D3FE0448A822002103F0B4FB012010BD15
:103320007CEA00107416002001207047F8B50500F3
:103330001E00CF09FFF75EFE0400002D18D00B28F9
:1033400016D8174AC3001B1A5B009B5CAB4214D112
:10335000012F14D0134B002B1FD0C2014032124B4F
:10336000D218B3B20100280000E000BF012005E040
:103370000E490F484D2204F09FFE0020F8BD0D4875
:10338000210004F099FEE201074BD218B3B22100EC
:103390002800FDF709F80120F0E70120EEE7C0461C
:1033A000741600200000000074100020300101108D
:1033B00058E000109CEA001070B50600002406E0FA
:1033C0000E220021280003F05DFB0134E4B20B2C37
:1033D00014D8E3001A1B520009495518535CB34234
:1033E000F3D108482200310004F066FE064B002BA2
:1033F000E6D02100300000E000BFE1E770BDC0462C
:1034000074160020C0EA001000000000F0B5D64697
:103410004F464646C0B58A4615001C005379032B1B
:1034200006D000263000E0BCBA46B146A846F0BD42
:103430009278434804F040FE2A79D3009B1A9BB24D
:1034400012339BB2A34212D82B789946A9444B461B
:103450005B78212B13D1FFF7F1FD8046002816D0B1
:10346000524602704B461C784C44002733E0F3224E
:1034700034493548520004F01FFE0026D2E7F622F8
:1034800030493148520004F017FE0026CAE7F02206
:103490002C492D48FF3204F00FFE0026C2E7F82227
:1034A00028492948FF3204F007FE0026BAE7FC222B
:1034B00024492548520004F0FFFDB3E742469370CB
:1034C000227963791B0213435B055B0D42465381EE
:1034D0002378E41801372B79BB4217DD6378052B7D
:1034E000DDD121005046FEF7D9FA061EDFD0A378C1
:1034F000DA09012AE2D04246D370227963791B02AD
:1035000013435B055B0D42469381E1E7AB7842468E
:1035100053704B469B79D3714B46DA791B7A1B0269
:10352000134342461381094B1B789371AB79012BEE
:1035300001D0012676E7EB795371012672E7C04688
:10354000E4EA00102401011058E000108A31002044
:1035500010B588B006ACA1806B4618700022DA70F6
:10356000029405926846FFF739FE012008B010BDAD
:10357000F8B504000E684B681B7B002B28D1451E54
:10358000FDF7C8FF07683FBA737B0137144A02335F
:10359000DB00342169435B18D3189F60737B40685C
:1035A00000BA0233DB005B18D318586052180123AD
:1035B00053710C4B002B02D0200009F0E5F8084BAA
:1035C00034226A43D15C2000FEF78AFA0120F8BD5C
:1035D000EA2205490548FF3204F06EFD0020F6E7B7
:1035E000DC17002089C700103C01011058E00010D2
:1035F000421E044B0231C9003420504308181B18E6
:1036000098687047DC170020421E044B0231C90045
:103610003420504308181B1858687047DC170020E6
:10362000421E034B342050431B185879C0B27047D8
:10363000DC170020F0B585B0070002911600039357
:10364000451E1E4C34236B43E4182379DCB2002B57
:1036500002D1200005B0F0BD184B34226A439B18FC
:103660009978FDF75BFF041EF3D0154C6B005B19D6
:103670001B01E4181F220299200003F009FA0F4BE6
:1036800034226A439B189E60039ADA600A9A1A6190
:1036900001229A7199780023019300931F3322002D
:1036A0003800FDF7A3FF041ED3D1044B34226A4334
:1036B0009B1899783800FDF769FFCAE7DC170020EE
:1036C0001C170020F0B58DB005000F0003921E00FE
:1036D000421E134C34235343E4182379D8B2002BF1
:1036E00001D10DB0F0BD04AC1F220021200003F079
:1036F000C9F90C4B04930C4B05936773082306938D
:1037000078332373763BA3731B33E373129B0093CD
:103710003300039A21002800FFF78CFFE1E7C04641
:10372000DC1700205553424342535554F0B58FB037
:1037300005000F0002920393421E1A4C3423534398
:10374000E4186379D8B2002B01D10FB0F0BD06ACFC
:103750001F220021200003F095F9134B0693134B11
:103760000793677324260896802323737A3BA373F9
:1037700004AF06220021380003F084F912233B70C5
:103780003E71062239001F2002AB9C46604403F0C4
:103790007FF914990091039B029A21002800FFF7FA
:1037A00049FFD2E7DC17002055534243425355549A
:1037B000F0B58DB007000D0003921E00421E104CA4
:1037C00034235343E4182379D8B2002B01D10DB030
:1037D000F0BD04AC1F220021200003F053F9094B77
:1037E0000493094B059365730623A3732574009610
:1037F000039B002221003800FFF71CFFE7E7C046CB
:10380000DC170020555342434253555470B5047899
:10381000651EC378002B17D0104B34226A439B18C7
:103820000122DA700D4B34226A439B18D9780C4878
:1038300004F042FC0B4804F00FFC0B4A002300216B
:103840002000FFF7B5FF70BDFDF764FE027801327E
:10385000024B342169435B18DA70E3E7DC17002080
:1038600004EB001018EB00102939001010B50A689D
:103870004B681B7B002B08D1517B0B4A0023FFF7C1
:1038800097FF041E09D0200010BDE2220749084816
:10389000FF3204F011FC0024F5E7F122034904484B
:1038A000520004F009FCEEE7293900105C01011018
:1038B00058E00010F0B5CE46474680B58DB0814641
:1038C0000D001700984604AC1F220021200003F0D1
:1038D000D9F8134B0493134B059365731226069680
:1038E000802323737A3BA37302AD062200212800B4
:1038F00003F0C8F803232B702E71062229001F2025
:10390000684403F0C5F8149B009343463A00210035
:103910004846FFF78FFE0DB0C0BCB946B046F0BDBB
:103920005553424342535554F0B583B004000E68DA
:103930004F68FDF7EFFD05003B7B002B0ED11148D2
:1039400004F08AFB717B104B002200922A002000B9
:10395000FFF7B8FE0124200003B0F0BD0B4804F0CF
:103960007BFB717B0A4B002200922A002000FFF7AC
:10397000A1FF041EEFD1D82206490748FF3204F008
:103980009BFBE8E730EB00107135001044EB0010B2
:103990006D3800107C01011058E00010F0B5C646EB
:1039A00000B590B007000C000292039316AB198883
:1039B0008846451E294934236B43C9184B79D8B230
:1039C000002B03D110B080BCB846F0BD08AE1F225A
:1039D0000021300003F056F8214B0893214B099346
:1039E00074731E4B0234E40034226A43A4181B197A
:1039F0005B6841464B430A9380233373763BB37332
:103A000005AC0A220021200003F03CF82823237093
:103A1000039B1DBA0E2302AA944663441A002B048A
:103A20001B0C13802D0C558043465BBA9AB21320B1
:103A30006044FF210B400370120A42700A222100E9
:103A40002720604403F024F8189B0093179B029AE8
:103A500031003800FFF7EEFDB4E7C046DC17002068
:103A60005553424342535554F0B5C64600B590B045
:103A700007000C000292039316AB19888846451E76
:103A8000284934236B43C9184B79D8B2002B03D192
:103A900010B080BCB846F0BD08AE1F220021300037
:103AA00002F0F0FF204B0893204B099374731D4BD9
:103AB0000234E40034226A43A4181B195B684146AF
:103AC0004B430A930A23B37305AC0A22002120005A
:103AD00002F0D8FF2A232370039B1DBA0E2302AAEB
:103AE000944663441A002B041B0C13802D0C558044
:103AF00043465BBA9AB213206044FF210B40037027
:103B0000120A42700A2221002720604402F0C0FFFE
:103B1000189B0093179B029A31003800FFF78AFD2B
:103B2000B6E7C046DC170020555342434253555474
:103B300010B50748342104F0BFFA0648302104F0DC
:103B4000BBFA0548D022002102F09CFF012010BDE5
:103B500058EB001078EB0010DC17002001207047B4
:103B600070B50400042807D8461E342575430E4B53
:103B7000ED182B79002B00D170BD0C48210004F00A
:103B80009BFA094B342272439B185B79002B05D0BA
:103B9000074B002B02D0200008F00CFE342200213D
:103BA000280002F06FFFE7E7DC17002094EB00101D
:103BB000B5C70010F0B589B00392461E7400A7196E
:103BC0003F01444ABF18A41924012034A218424CD2
:103BD000342575436419A479022C48D0032C5CD099
:103BE000012C71D13C4C6419A4788C4204D1039906
:103BF000002901D11F2B07D0A22238493848520092
:103C000004F05AFA002460E0324B7100891909016E
:103C10005B189B68002B2AD02F493425754349191E
:103C20008F68002F23D02C4A521902219171294903
:103C30007500AD192D0149190C228A56002A10DB96
:103C40009BB20022019200923A002100FDF7CEFCC7
:103C5000041E3AD14A2221492148FF3204F02CFAAD
:103C600033E01D4A3421714352185478E8E71A4B67
:103C7000342171435B180321997159780023019312
:103C800000930D33FDF7B2FC041E1ED1A922134987
:103C90001348520004F010FA17E00F4B342171431F
:103CA0005B1800219971DC68002C11D004A90497DD
:103CB0004A60094B342272439B189A688A601B69D8
:103CC000CB60A047012400E00124200009B0F0BD32
:103CD0000124FAE71C170020DC170020B8010110AE
:103CE00058E00010F0B5CE4600B582B00191140046
:103CF0009279062A54D1E279502A57D12179CA0003
:103D0000521A92B2093292B29A4206D8019B013BF2
:103D100099462778E71900251FE0BE222449254847
:103D2000520004F0C9F900263BE0C1222049214895
:103D3000520004F0C1F9002633E084221C491D48DA
:103D4000FF3204F0B9F92CE01B4B342248464243C1
:103D50009B1859703B78FF180135012D18D87B78D6
:103D6000052BE2D1FA78023B1340022BDDD139005A
:103D70000198FDF793FE061EDFD0B978CB09012B21
:103D8000E2D00D4B3422484642439B189970E1E73C
:103D9000A178094B342248464243D154012600E021
:103DA0000026300002B080BCB946F0BD0026F8E71E
:103DB000AC01011058E00010DC170020F0B589B00C
:103DC00005000E00411E254B34224A43D35CB3420A
:103DD00009D0962222492348FF3204F06DF90024CD
:103DE000200009B0F0BD1D4B34224A439B18012727
:103DF0001F711D4804F030F906AC23781F2293434D
:103E0000012213432370DBB2602293432022134329
:103E10002370DAB280235B4213432370FE23637066
:103E200000236380A680E780FDF774FB07006E46E1
:103E300018220021684602F025FE3570029403978F
:103E40000A4B04936846FEF745FB041EC8D1B02216
:103E500003490448FF3204F02FF9C1E7DC170020C2
:103E60009C01011058E00010B0EB00100D3800105C
:103E700070B506000D000B4804F01EF9002403E0A5
:103E800004F0DCF80134A4B2AC4207D2305D064B3A
:103E90001B5C68229343F3D12E20F1E7034804F022
:103EA000DBF870BDC4EB0010A50B0110C8EB0010CF
:103EB00010B582B000290AD001281CD80B78002B3D
:103EC00019D0164A1354022B1ED0012419E001A95F
:103ED00002230B7000234B700020FDF73DFA041EF7
:103EE00003D00E4B02221A700BE00D490D485122EF
:103EF00004F0E2F805E00A490A485B2204F0DCF825
:103F00000024200002B010BDFDF726FA041EF8D1EF
:103F100003490448662204F0CFF8F2E7AC18002009
:103F2000DC01011058E0001070B504000D000378AA
:103F3000DB07D80F002B1DD123785B07DE0F002B8A
:103F400019DB01214942280009F0AAFF2378DB0789
:103F5000DA0F002B07D123785B0709D423780422DA
:103F6000134323700126280009F082FF300002E08D
:103F70001600F8E7002070BD70B506000C000121A6
:103F80004942200009F08CFF33785B07DD0F002BDE
:103F900004DB200009F06CFF280070BD3378DB07DC
:103FA00004D43378042293433370F2E70025F0E71A
:103FB000F8B506000F0015000379447924021C436C
:103FC0006405640D81783448220004F075F8F378B4
:103FD0009B079B0F022B14D0032B48D0012B58D1E9
:103FE000022F04D02D4BA34204D3012052E08023A2
:103FF000DB00F8E72A492B48EF2204F05DF80020A7
:1040000048E0022F19D0002D03D080239B009C4252
:1040100020D0202C27D8082C07D3083CA4B2224B50
:10402000E340DB07D80F002B34D180221C491D4808
:10403000520004F041F800202CE080239B009C42B9
:1040400001D1012026E016491648F62204F034F882
:1040500000201FE0154803F0FFFF402333710023C9
:104060007371280016E0402CDFD1012012E0022FEE
:1040700004D04023A34204D301200BE08023DB00C3
:10408000F8E7842206490748520004F015F800209A
:1040900000E00020F8BDC046CCEB0010FF0300009C
:1040A000C801011058E0001001010001ECEB001004
:1040B000F0B5C64600B580460C001E008D1801E024
:1040C00021786418AC420FD261780529F8D1A7781D
:1040D00007483200390003F0EFFF7F2139404900E3
:1040E0004144FB09CE54EBE780BCB846F0BDC04666
:1040F0002CEC001070B50600030000200C00013904
:10410000C9B2002C16D03478201880B21C781B1944
:1041100002E0201880B21B199042EFD21C78002CCC
:10412000ECD05D780B2D05D0042DF2D1DD78002D7B
:10413000EFD1E3E770BD0000F0B5C64600B582B030
:1041400006008846170000280AD0002908D06B46D0
:104150002A4A009200221A7132329A7000251FE01A
:10416000274803F079FF44E0102130001038FFF7B2
:104170007FFE1BE0202003F061FF0134E4B2BC426B
:10418000F8D3290109091F4803F096FF3478013656
:10419000202003F053FF2100684603F08DFF013516
:1041A000454505D22B07F1D1002DDDD10024E6E7EE
:1041B0000F2347461F404246134213D0FBB2984696
:1041C000002506E0202003F039FF0134012CF9DD41
:1041D00001351023DB1BAB4206D9202003F02EFF54
:1041E0000024F3E7102398464346F01A4146FFF7B0
:1041F0003FFE02B080BCB846F0BDC0462530305806
:1042000050EC001058EC001003008A1890B2814264
:1042100002D85A00904203DB5B009BB2C01A80B206
:10422000704770B505000800AC889A420BD3D11ACC
:1042300089B200291ED08C4210D2944209D8121B98
:1042400093B26B810AE0D11A89B26600891989B2EA
:10425000EFE7A21893B2F4E71B1B9BB29C42FBD979
:104260002968EA885204520C5343C91802F010FC22
:10427000012070BD0020FCE703894089181A4342E1
:104280005841C0B2704710B58488028993B2418901
:1042900088B2914206D81B1A9BB20020A34240412B
:1042A000C0B210BD1B1A9BB262009B189BB2F4E710
:1042B00070B504000D000069002803D001214942B7
:1042C00009F0EEFD228992B263899BB22900200099
:1042D000FFF7A7FF0500618989B2A0882A00FFF7D0
:1042E00093FF60812069002801D009F0C1FD2800FA
:1042F00070BDF8B504000E00C068002803D001218D
:10430000494209F0CDFD2589ADB22000FFF7BBFF82
:10431000002802D0E779FF0916D0A2882B0001E01F
:104320009B1A9BB29A42FBD92068E2885204520C35
:104330005343C018310002F0ABFBA08801222900D2
:10434000FFF762FF20810127E068002801D009F013
:104350008FFD3800F8BD10B50400C068002803D0F8
:104360000121494209F09CFD2069002803D0012168
:10437000494209F095FD002363812381E06800280C
:1043800001D009F075FD2069002801D009F070FD09
:10439000012010BD074B9B68103080001950BFF3FF
:1043A0005F8FBFF35F8F044B0021196082F3108889
:1043B0007047C04600ED00E0240100D0004870477F
:1043C00000E400E010B5FFF7F9FF002302E0034A24
:1043D00004C00133072BFAD910BDC046808080800D
:1043E00010B50388DA0A1C2A05D15B055B15023378
:1043F0005B00C01810BD034B034A8E2103484900DF
:1044000003F092FC30ED00108C02011048ED00101A
:1044100010B5091A0B1F0A4A88180A4A904208D890
:10442000C90706D45B105B055B0D0748184380B2D3
:1044300010BD064B064A87210648490003F074FC6C
:10444000FC070000FE0F000000E0FFFF90ED0010F1
:104450008002011048ED001010B5091A04394A080D
:10446000090B08D14905490D064B0B430380064B48
:104470001343438010BD054B054A8B210548490075
:1044800003F052FC00F0FFFF00F8FFFFC0ED00104A
:104490005C02011048ED001001238340034A1068BC
:1044A0001840431E9841C0B27047C04600E100E08A
:1044B000002A05D0044BC022520099501960704761
:1044C000014A8023D150FAE700E100E010B50A006C
:1044D0001F230340012199404009FFF7E9FF10BD68
:1044E000024B9B6810308000C058704700ED00E020
:1044F00010B5FFF7F5FF002806D0044B984201D015
:10450000012010BD0020FCE70020FAE7C1010010E7
:1045100070B504000D00EFF3108672B60C4B1B68EB
:10452000002BFBD0BFF35F8F2000FFF7D9FF094BB3
:10453000984201D0A84205D1320029002000FFF79F
:1045400029FF70BD044B054A0548ED2103F0ECFB43
:10455000240100D0C1010010D0ED0010B402011000
:1045600048ED0010F0B5DE4657464E464546E0B5EC
:1045700089B0814601911500EFF3108B72B66F4B35
:104580001B68002BFBD0BFF35F8F6D4B00269E573F
:10459000002E40DB7400A419A4006A4824180622E7
:1045A000A256674B1A70684B9A684B4610339B00B3
:1045B000D35898461B1A2F2B3BD9644B984531D1C1
:1045C00005AF634B3B80634973009A46981980009E
:1045D0005C4B984640440230FFF71AFF78805E4BF0
:1045E000BB80FF23BB71FD71019B079333005344D4
:1045F0009B00434407CF07C301231C43A0465A46F0
:1046000041464846FFF7C6FE09B0F0BCBB46B2467D
:10461000A946A046F0BD514B514ABE215148490020
:1046200003F082FB504B4E4A84214E48FF3103F089
:104630007BFB012342469A439246101A0C2101F05B
:1046400011FB00290FD153460027DA79AA4212D96B
:104650000621595600290DDB4A00521892003949AB
:104660001F008B18F1E7414B3D4ACA213D484900E4
:1046700003F05AFB1F00002F2ED005AB3C4A1A80D6
:10468000813A5A800623FB560293002B17DA3948E9
:1046900005AB9A469880029A9A71DD71019A079249
:1046A000381D2100FFF7B4FEB880BE71254B7200A3
:1046B000921992009B18524613CA13C39FE7381DE4
:1046C000FFF78EFE01007000801980001D4BC0189E
:1046D0000430FFF79DFEDBE705AF1D4B3B801D4916
:1046E000730002939B199B00164A90461A0042449D
:1046F0000392901CFFF78CFE7880039A101D5146A0
:10470000FFF786FEB8801C4B52464146521A524172
:1047100053431B0DBB71FD71019A0792029B9B19BC
:104720009B00434407CF07C3114B52461380813B84
:10473000538001231C43A04661E7C046240100D0FA
:104740008D3100202405002000ED00E0C1010010A3
:1047500000A1FFFF5405002001BDFFFF08EE00107F
:104760009C02011048ED001030EE001058EE0010D1
:104770000148000001BD0000AAAA0000F0B5CE4625
:10478000474680B583B006000D00EFF3108872B67F
:104790004F4B1B68002BFBD0BFF35F8F4D4B9A68CC
:1047A00034001034A300D7584B4B9F4207D0AF4280
:1047B00000D18AE00197494BFB1A2F2B09D94246B9
:1047C00039003000FFF7E6FD03B0C0BCB946B04683
:1047D000F0BD3000FFF760FE814600213000FFF79A
:1047E00075FEBFF35F8FEFF30581002901D08C4286
:1047F00011D10123019C9C430020A3689D4211D04C
:104800000622A256002A0CDB53009B189B00334A59
:104810002000D418F1E7324B324A3348334903F0D1
:1048200083FA20009D4249D106256557002D2BDBD8
:104830002A4B6A00521992009B189A68A260DA7992
:10484000E2719B795BB2A371002B0FDA2848A0803C
:10485000224B6A00521992009B18264A11789971CE
:10486000157049463000FFF731FEA8E7680040198F
:1048700080001A4BC0180430FFF7B2FD0100231D61
:104880001800FFF7C5FDE2E7002912D100280ED07D
:10489000FF238371184B838016490B78A3710F4A4D
:1048A000164BA41A644163431B0D0B70D9E70A4FE2
:1048B000F2E71349201DFFF7CFFDD2E7114B094A5C
:1048C00091210948890003F02FFA034F77E7C0468A
:1048D000240100D000ED00E0C101001024050020FB
:1048E000DCEE00106C02011048ED00100202000026
:1048F00001BD00008D31002001BDFFFFAAAA00000C
:104900005E05002010EF0010F8B5012202432C4B89
:10491000D31A2F2B28D8EFF30583002B2AD0EFF3DF
:10492000108472B6274909680029FBD0BFF35F8F56
:10493000234D25490600761B76417143090D4DB282
:10494000224989689B00C958914219D00021032946
:1049500030D81B4B4A00521892009B189B795BB2CF
:10496000AB421DD00131F2E7194B1A4A1A481B49D4
:1049700003F0DAF91A4B174A17481A4903F0D4F929
:10498000124A92681849D150184B1A7882711D70DA
:10499000BFF35F8F0B4B00221A6084F31088F8BDC1
:1049A000074B4A005618B6009E19FF27B771104AE8
:1049B000B280E9E70F4B074A07480F4903F0B4F903
:1049C00024050020240100D0AAAA000000ED00E088
:1049D00018EF00104002011048ED00107F020000A7
:1049E00040EF001082020000C10100108D31002054
:1049F00001BDFFFF4CEF0010930200000FB400B5A3
:104A000083B0084803F028FB049B002B07D005A9BE
:104A10000191180003F030FB034803F01DFB012057
:104A200003F034F954EF001098E20010EFF3108017
:104A300072B6034B1B68002BFBD0BFF35F8F704730
:104A40002C0100D0BFF35F8F024B00221A6080F36D
:104A5000108870472C0100D0F8B506000C00150036
:104A6000FFF7E4FFE308F718F15C07222240012377
:104A700093400B4205D1DBB20B433B70FFF7E2FFE3
:104A8000F8BD21002800FFF7B9FFF0B583B006009C
:104A9000019114001F00FFF7C9FF00E00134BC4280
:104AA0000CD8E308F518F35C0721214001228A4065
:104AB0001A42F3D1D2B21A432A7001E001246442AF
:104AC000FFF7C0FF002C02DB200003B0F0BD019B0C
:104AD000002BF9D00898FFF791FF0000054A1078E5
:104AE000431CDBB21370172B02D9130010221A706B
:104AF0007047C0466C05002010B582B00100054C1F
:104B0000054B00931F2318222000FFF7BEFF02B0C1
:104B100010BDC046781D002064EF0010002307E0A0
:104B2000054A9A189200BFF35F8F0021116001338C
:104B30001F2BF5D97047C04640000034024B9C46FD
:104B400061448900016070474000003410B50400E2
:104B5000FFF7C4FF01002000FFF7F0FFFF232371E0
:104B6000BFF35F8F10BD10B50400FFF7B7FF010062
:104B70002000FFF7E3FFFF23237100236371BFF3DE
:104B80005F8F10BD10B50D4C09E00D4B0D4A0E485E
:104B90001A2103F0C9F82000FFF7D8FF08340B4BA7
:104BA0009C4209D22368002BF5D0012BEDD12000C7
:104BB000FFF7D9FF0834F2E710BDC046540B0020C0
:104BC00080EF0010F4020110A0EF00105C0B002039
:104BD000034B9C46614489000160BFF35F8F7047BF
:104BE0004000003410B504000120FFF785FF0100EC
:104BF0002000FFF7EDFF10BD30B5846A151B0B1DBB
:104C00009B001B581B1B9D4204D3046A01238B404D
:104C1000234202D1043189000A5030BD0004084308
:104C2000704700000A4B1968EFF3108372B60A68E8
:104C3000002AFCD0BFF35F8F054A1268BFF35F8F75
:104C40000021116083F3108840BF002000217047CD
:104C500078310020F0B5DE4657464E464546E0B571
:104C600087B0EFF3058303221A409246AE4B9200C1
:104C7000D7583B78534507D1012352469340994674
:104C8000AA4B4A461A6025E1A94BAA4AAA48922192
:104C900003F04AF87A6973009B19DB009046984448
:104CA00043469C68DD68A54800F0ACFB001BA941A9
:104CB000002900DA16E1002D74DB43461B699B4690
:104CC0009F4B9B454FD00823F85E4346598889B2D5
:104CD000FFF7A4FF43465969D84702900391029910
:104CE000039A0B00100013435CD013000A00002845
:104CF00047DAA41A9D41009401954346009C019D0A
:104D00009C60DD600021595E002900DAEAE07869E4
:104D10004B005B18DB00C3189A68DB68A41A9D413E
:104D2000002D00DADEE039813D000835844604912B
:104D30002A000597B346009E019F049B002B2ADBA7
:104D40000023D45E63001B19DB0063449C68DD68AC
:104D500030003900001BA94100291CDB1A0000218A
:104D6000595E0491E9E743465B699B461B695846D7
:104D70009847002816D05B461A685B680292039336
:104D8000ADE76E4800F03EFB029B039C1B184C41B4
:104D900000930194B1E70499059F5E46434619804C
:104DA00016809FE0434600229B5E3B813A69EFF309
:104DB000108372B611680029FCD0BFF35F8F022107
:104DC0007A5E41460A807E803A69BFF35F8F002198
:104DD000116083F3108885E03969EFF3108372B6B0
:104DE0000A68002AFCD0BFF35F8FB88800B20122A6
:104DF0005242BA803A69BFF35F8F0021116083F39A
:104E000010880500BC461CE0049300229A5E002A2C
:104E10000EDB049B0021595E4B005B18DB006344F2
:104E20009868D96834003D00241A8D41002DEBDAD2
:104E300004995D46009B9C4644460D800023E55E38
:104E40002280002D12DB634658696C006419E4006F
:104E50000419A668E7686146083108229A5EAB46E5
:104E6000049163460093A0468446D0E767463EE03F
:104E70000023BB71390008310823F85E0EE00124DD
:104E80006442E5179460D56008243B5F834204D0F8
:104E90000E8008243B5F138038813000431C29D0EA
:104EA0007C6943001B18DB00E218E65E53881BB2E6
:104EB000002BE4DB1100F0E722002B0051461F48D5
:104EC000FFF79AFE1D4800F09DFA241A8D41002D2F
:104ED00022DC1FD0194B4A465A630823FE5E002E7F
:104EE00000DBD7E6BB881BB2002B00DB74E7BB7985
:104EF000002BBDD10823FA5E002A0DDB796953002F
:104F00009B18DB00CB189C68DD68631CD4D16B1C3C
:104F1000D8D0D1E7002CDDD040BF07B0F0BCBB46F5
:104F2000B246A946A046F0BD302F00203C70054097
:104F300038F000102003011064F00010004005401C
:104F4000554C001070B504000D0011000126AE4054
:104F500006622800FFF7DCFA01212800FFF7B6FA05
:104F6000024B9C466444266070BDC0463820000059
:104F7000F8B5CE46474680B50600894690461F00E4
:104F8000C160FFF7ABFD154B9C466044800030616B
:104F900043463370BBB27381D0221206127872700E
:104FA000012252423281B2809B187380002406E0B5
:104FB000621E736965002D19ED005A530134BC421D
:104FC000F6D3074B42469200D650064A4146484621
:104FD000FFF7B8FFC0BCB946B046F8BD400000348A
:104FE000302F0020554C001010B5064B1B69002BCC
:104FF00001D0044810BD044B044A0548652102F065
:1050000093FEC04670050020A4F0001008030110B4
:1050100064F00010F8B504000569EFF3108072B673
:1050200029680029FCD0BFF35F8F0221665E6569A5
:1050300071008919C9006D18002E02DB0027E95F95
:1050400061802169BFF35F8F00270F6080F31088B4
:10505000002E2CDB0699296107996961AA60EB6033
:105060006B8801335B04590C002B00D1012169804E
:105070003000FFF7D3FD2169EFF3108372B60A68A1
:10508000002AFCD0BFF35F8FA2882A80A680226905
:10509000BFF35F8F0021116083F31088E3682178EC
:1050A00001228A4003498C4663441A60F8BD0120FE
:1050B0004042FBE73C20000070B582B006001400BF
:1050C0001D0008AB1B78002B07D100F0CDF92200A2
:1050D0002B00121A8B41002B0ADB079B0193069BC6
:1050E000009322002B003000FFF794FF02B070BD48
:1050F0000020FBE7F0B5C64600B584B00500884641
:1051000016001F000AAB1C78FFF76EFF0294019790
:1051100000962A004346FFF7CFFF04B080BCB84694
:10512000F0BD000030B504000A1443899A422EDA1B
:10513000406953009B18DB00C3182569EFF3108208
:1051400072B628680028FCD0BFF35F8F588885B2FC
:105150000904090C884212D000202369BFF35F8F35
:105160000021196082F31088002811D0E3682178AB
:1051700001228A4007498C4663441A6008E00649C8
:10518000294389B259800123A3710120E5E700205A
:1051900030BDC0463C2000000080FFFF10B5040079
:1051A000FFF722FF2100FFF7BDFF10BDF0B583B070
:1051B00006000F00EFF30583002B1AD1062464428A
:1051C000E517A4197D418D4202D803D1844201D94B
:1051D0000024002500F048F922002B00121A8B4110
:1051E000002B0BDC08D03000390000F04FF903B081
:1051F000F0BD1648FFF702FC002AF4D0144A002341
:10520000009320002900FFF775FF002813DAEAE772
:10521000104B1968EFF3108372B60A68002AFCD0AD
:10522000BFF35F8F0B4A1268BFF35F8F00211160DD
:1052300083F3108820BF084B5B6A9D42E8D806497B
:10524000896AA142CFD29D42CDD1E1E7C8F00010DA
:10525000254C0010783100200040054070B5040056
:105260000D0000F001F900196941002902DBFFF788
:105270009DFF70BD012040420049F8E7FFFFFF7F1E
:1052800010B5FA2292000023002101F027FBFFF75E
:10529000E5FF10BDF0B5CE46474680B583B00500AA
:1052A0000C00EFF30583002B15D03F4B5B6A8B425C
:1052B00009D33D4A926A82420BD28B4201D001202F
:1052C00002E0002000E0002003B0C0BCB946B046B8
:1052D000F0BD0120F8E7FFF787FEC3689946037821
:1052E00098462E002700484600F08CF802000B007C
:1052F000B61A9F41434604339B004A469B581B1AEB
:105300000022BA420FDC0CD020BF274B5B6A9C42C4
:105310002DD8254A926AAA422BD29C4225D0012040
:10532000D2E7B342F0D9214A00230093280021009C
:10533000FFF7E0FE00281EDD1B4B5B6A9C4205D890
:10534000194A926AAA4202D29C4200D120BFFFF7BA
:1053500025FF154B5B6A9C4221D8134A926AAA42E8
:105360001FD29C4219D00120AEE70020ACE70020FC
:10537000AAE70120A8E70C4B5B6A9C4209D80A4ABD
:10538000926AAA4207D29C4201D001209CE70020E9
:105390009AE7002098E7012096E7002094E7002094
:1053A00092E7012090E7C04600400540254C0010E0
:1053B000004870470040054010B50B4B1B69002B9F
:1053C00004D00A480A21FFF7B9FB10BDFFF7F0FF30
:1053D0000400032100F00CF80348102303222100ED
:1053E000FFF7C6FDEDE7C0467005002078310020CC
:1053F00010B5024A0248FFF72FFB10BD18F100104C
:105400007C1D00200200436A906A1900536A994289
:10541000FAD17047416A00E0416A9942FCD300E04A
:10542000416A994202D1816A9142F9D37047F0B53D
:10543000C64600B5804614001D00FFF7E3FF0600D6
:105440000F0022002B0092197B41994202D804D10F
:10545000904202D901225242D3174046FFF7DAFFA9
:1054600080BCB846F0BD000010B50248FFF7CAFF87
:1054700010BDC0460040054010B502000B000248B8
:10548000FFF7D5FF10BDC0460040054010B5020033
:105490000B000248FFF7BEFF10BDC04600400540AC
:1054A00010B5192000F0FCF9D0231B0680229204CD
:1054B0005A6210BD002805D0D0231B06802292041A
:1054C0005A617047D0231B06802292049A61F8E744
:1054D00010B5002002F088FD10BD704710B50248DD
:1054E00000F004F810BDC046482F002070B588B009
:1054F000040004AD0D220021280001F0C3FA0D22A2
:105500000021684601F0BEFA4B232B700D2269463C
:10551000280008F0A5FC002304E05A1D69468A5CB7
:10552000E2540133072BF8DD08B070BD10B501005F
:1055300018231B8814221088984710BD10B501004D
:1055400018231B8816221088984710BDF0B5C64650
:1055500000B507000E0000250123984600E0013544
:10556000B5420AD2AC003C192068FFF7DFFF20608B
:105570000028F4D100239846F1E7404680BCB846A5
:10558000F0BD0000F8B5D646474680B506000D00D0
:105590001700984644002418A400294B9C466444F4
:1055A0006368089A934200D26260331FDBB29A4666
:1055B000012B2ED980221201C0239B01E3181A600F
:1055C000204BB200D158002907D0586900F04AFB9F
:1055D000013043001B18033BFDD27F0123685F406D
:1055E000E0233B4080225201A21813605346012B56
:1055F0001AD980239B01E318802212011A60089BAC
:105600006360104BB6004246F250C0BCBA46B0468A
:10561000F8BD012DCED10322C0239B01E3181A60EF
:10562000A368DB07FCD5D8E72168694003230B405A
:105630001360A3680122AA401A42FAD0D9E7C046F3
:1056400000800040841F0020F0B583B005000E00EC
:1056500017001800089900F005FB0300089A1402CF
:1056600000943A0031002800FFF78CFF03B0F0BD32
:1056700010B582B0802464000094FFF783FF02B06D
:1056800010BD0000014B8000C0587047841F0020EF
:10569000F8B5CE46474680B5D0231B061F68214B80
:1056A000BA00D3589846002F03D01F4B99460026C6
:1056B0002AE01E4B9946FAE7EB4012E02409013537
:1056C000002C20D033000833AB421CD90F23190023
:1056D00021402342F2D0164BBA00D358202DEBD4F0
:1056E0000023DB07EAD407222A409200EB080800D7
:1056F00090403C339B000F4A98504346002BDDD02E
:105700002800C047DAE708361D2E06D8F30808330C
:105710009B004A469C583500D2E7C0BCB946B0460B
:10572000F8BDC046701D00203041014000410140DD
:10573000402F00200040014030B507240440A40061
:10574000C008A14004003C34A400094D6151800010
:105750001B18002A05D080229201944663441960E8
:1057600030BDC0229201944663441960F8E7C046F8
:105770000040014010B58300084A9A18146840227E
:10578000544080322240064CA44663441A60C00054
:10579000044B9C466044416010BDC04604C00140BB
:1057A00004D001400040014080000C4B9C46604406
:1057B00000290ED00823002A0DD0042213430268CA
:1057C00053400C22134080225201944660440360EF
:1057D00070470023EFE70022F0E7C04604C0014015
:1057E00070B506000D00141E0BD1D0231B061B68DC
:1057F000002B11D0094B220029003000FFF79CFF3D
:1058000070BD0D20FEF774FE0028EED1044B054A52
:105810000548BD2102F088FA044BECE73041014015
:1058200044F300105C03011070F3001000410140CC
:1058300070B50400D0231B061D680D4BAA00D35879
:10584000002B0AD0002803D0094BAD00EC5070BDEE
:1058500008490D20FEF792FFF6E70028F7D0044B29
:10586000AD00E850034900220D20FEF77BFEEEE775
:10587000701D00209156001070B505000E00140038
:105880001800FFF7D5FF220031002800FFF7A8FF1E
:10589000002C00D170BD01210D20FEF717FEF9E7A5
:1058A00010B501238340D022120693629361052133
:1058B000FFF760FF10BD0000F0B5C64600B504005C
:1058C0000E0017001D00374800F0CCF98046364B1B
:1058D000FA18364B9A4239D80100380000F0C2F964
:1058E0000200103A98235B009A4235D86B1E062BB3
:1058F00038D8069B013B062B34D83F09474537D3A0
:105900002D04069B1B031D432368002B36DB284B0D
:105910009C4244D00C2201239340264A1360264A1D
:105920001360264A1268190091430A1EF9D12660B5
:10593000A060234BE31821321A602268002AFCDAA7
:10594000E56008221A6080BCB846F0BD1D4B1E4AB7
:105950001E48112102F0E8F91D4B1B4A1B48192172
:1059600002F0E2F91B4B184A18481C2102F0DCF93E
:10597000194B154A1548232102F0D6F922683F2316
:105980001340B342C3D1A3681B051B0D8342BED194
:10599000E368EE22D2021340AB42B8D1D3E70D2226
:1059A000B9E7C046001BB70080E84BD380F8A932A6
:1059B00000C0024000E0004000F0004008C000408D
:1059C00004300000B8F300107403011008F4001054
:1059D00050F400106CF40010B8F4001080239B0009
:1059E0000B43014AD362704700800540074BAA224F
:1059F00012011A608D225200DA60054B054A1A60C6
:105A0000024B5B68002BFBDA7047C0460040024047
:105A10000060024000B0FA0010B5040001E008CCBC
:105A20009847024B9C42FAD310BDC0460CDF0010D1
:105A30007047000010B50248FFF7EEFF10BDC046EA
:105A4000D0DE0010054B064A1A60064B064A1A6063
:105A5000064B1A68044B9343FAD1704700E00040AC
:105A6000BFCDFBFE00F00040FE7F3C0008C00040C0
:105A7000044BDB6C002B03D1034B8022D2021A6053
:105A80007047C046000011504C201150044B054A8D
:105A90001A60054B1B68DB43DB01FAD17047C04637
:105AA00000F00040FFFFFF0108C00040034B402210
:105AB0009A675A671A67DA667047C04600F0014075
:105AC00010B5FFF72BF810BD10B50C4A0C4BD21ACD
:105AD00092101400302A00D9302292000948084957
:105AE00000F0D6FF04E0084A064BA100CA5001347A
:105AF0002F2CF8D9034B054A936010BDC00100104C
:105B00000001001000000020C101001000ED00E0C5
:105B100070B50420FFF7B6FD064900F0A3F80500B4
:105B20000024002C00DD70BDE0B22900FFF756FF15
:105B30000134F6E740420F0030B583B0274B002216
:105B40009A67FFF753FF264B01221A60234B5B6CC9
:105B5000012BFBD1234B03221A60204B9B6B012BA3
:105B6000FBD10133009304331F4A01211F48FFF783
:105B7000A3FE052300931E4A01211E48FFF79CFE49
:105B80001D4B002202210420FFF772FD1B4D2B004C
:105B9000002201210520FFF76BFD194C2300002294
:105BA00000210720FFF764FD2300002200210820C8
:105BB000FFF75EFD8023DB0000932300002200211D
:105BC0000920FFF741FD2B00002200210620FFF7EE
:105BD0004FFDFFF79DFF03B030BDC0460080004081
:105BE0003CB0004030B00040002F685900800240B7
:105BF000008C864700C00240001BB7004059730765
:105C0000006CDC0201480421014B1847900500207C
:105C10004D550010124A936F9B0815D29066D166BD
:105C2000002905D0FFE7FFE7FFE7516F106F7047CE
:105C300004B580210906C2175140002800D0C8438E
:105C400008F026F9002104BDF0B5146E556E576FAB
:105C5000166FFFF7E3FF1466556657671667F0BDCA
:105C6000000000D0114A936F9B0813D21066516652
:105C7000002905D0FFE7FFE7FFE7516F106F70477E
:105C800004B5002801D00020C04308F001F900212C
:105C900004BDC046F0B5146E556E576F166FFFF712
:105CA000E5FF1466556657671667F0BD000000D023
:105CB00094464A4A926F9208624601D228E0C04652
:105CC000F0B5464E346E756E776F366F00F020F883
:105CD0009446424A14665566576716676246F0BD99
:105CE00094463E4A926F9208624601D254E0C04602
:105CF000F0B53A4E346E756E776F366F00F04CF833
:105D00009446364A14665566576716676246F0BD74
:105D1000002B24DB11D000293EDA00B5C9434042F4
:105D200000D1013100F038F8C943404200D10131BF
:105D3000DB43524200D1013300BD002AEBD10028E1
:105D400001D1002905D00020C90FC90701D1C043E6
:105D5000410800B508F094F80022002300BD00B50A
:105D600000290ADBDB43524200D1013300F014F872
:105D7000C943404200D1013100BDC943404200D176
:105D80000131DB43524200D1013300F005F8DB431F
:105D9000524200D1013300BD002923D1002B18D17C
:105DA000002A0CD0BC460D4F38667A6600210023CD
:105DB000FFE7FFE7FFE77A6F386F67467047002815
:105DC00001D00748010000B508F05AF8002200236E
:105DD00000BD02000B00002000217047000000D031
:105DE000FFFFFFFF002B00D0BFE0130C28D1002ADB
:105DF000E7D080B4114F39667A66FFE7FFE730B429
:105E0000040C7B6F396F1B0423433B667A66FFE704
:105E1000FFE7FFE7C04684B27B6F3D6F1B0423435F
:105E20003B667A66FFE7FFE7C04600232C042D0C93
:105E30007A6F386F00196941B0BC7047000000D01C
:105E4000F0B594460025140E01D112020835140F46
:105E500001D112010435940F01D192000235D40F03
:105E600001D152000135D40B0134254F7C66254CFD
:105E70003C660E0C93B2FFE7FFE7FFE73C6F66431B
:105E8000360C7703BE467343DF0B5B04C01AB9417F
:105E9000130C7343DB18C91ACE086643360CB6449C
:105EA00093B273431F0F1B01C01AB941130C734304
:105EB0001F0B1B05C01AB941860D8F023E43664376
:105EC000360C092D24DB520A7243801A7703460AE6
:105ED0006643360C16235B1BDE40DF40BF19644669
:105EE0006643821B7046043506330100D940A84042
:105EF000C01900D30131A24206D20023F0BD000038
:105F0000000000D0FFFFFFFF121B0130F3D3F1E7C9
:105F100009277F1BFE406446A2B27243801A00D25A
:105F20000139220C7243130C1204821A99410B009E
:105F30007046043513370100F940A840801900D39A
:105F40000131002B02D1A2420AD2F0BD013000D3B0
:105F50000131121BFAD2013BF8D1A24200D2F0BDAE
:105F6000013000D30131121BF7E7F0B51C0C00D053
:105F700080E00CB400251C0A04D11B02160E33432A
:105F8000120208351C0B04D11B01160F33431201FA
:105F900004359C0B04D19B00960F334392000235CD
:105FA000DC0B02D192185B4101351C00971864414B
:105FB0000134464F7C66464C3C660E0CFFE7FFE71B
:105FC000FFE7C0463C6F6643360C7703BE4697B288
:105FD0007743C01B00D20139C01B00D201399FB2E8
:105FE0007743C91BC91B170C77437E04FF0B801B2B
:105FF000B941CE086643360C0C2D33DBB644120B88
:106000001F053A431B0B97B27743C01B00D20139DF
:106010009FB27743C91B170C77433E043F0C801B8C
:10602000B941860D8F023E43664329277F1BFE4000
:106030000C3D7746AF40BF1930BCA2B2ABB2724341
:106040007343801A9941220C7243130C1204801A74
:10605000994102000B000137001BA941F9D2781EBB
:106060000021F0BD0C277F1BFE4077467F0BAF4021
:10607000FF19E0E700245D1C07D0144F7D663966E8
:10608000FFE7FFE7FFE7FFE73C6F95B29EB265438E
:106090006643401BB141150C1E0C65436643360434
:1060A0002F0C3E432D04401BB141994204D2020003
:1060B0000B0020000021F0BD01D19042F7D3801ADF
:1060C000994101349942F2D3F6E70000000000D074
:1060D000FFFFFFFF48404140484018B41B4B5B683E
:1060E000FC46019308BD04DFAF63001018B4174BE2
:1060F0001B68FC46019308BD00DFB963001094469D
:10610000134A926F920809D2624618B40F4BDB68AB
:10611000FC46019308BD0CDF716600100C4AF0B517
:10612000146E556E576F166F6246FFF7EEFF084A02
:106130001466556657671667F0BD18B4034B9B6825
:10614000FC46019308BD08DF15650010742F002080
:10615000000000D0FFB550404240504059404B40F5
:10616000594000E0FFB5154F4C00640D03D0BC4210
:1061700004D10C0314D80020090D09055C00640D3E
:1061800003D0BC4204D11C030AD800221B0D1B05FE
:1061900001264B4009D44B4003D58B4200D18242AB
:1061A000FFBD9942FCD19042FFBD0B43DB18034376
:1061B0001343F5D0C9434918FFBD0000FF07000095
:1061C00000B5FFF7CFFF804100BDC04600B5FFF727
:1061D000C9FF01D9002000BD012000BD00B5FFF7B7
:1061E000B9FF01D9002000BD012000BD00B5FFF7B7
:1061F000B1FF804100BD012040054A00121804D8BB
:106200005A00121801D80020704701207047000082
:106210000021002805D17047C1174840401AFAD024
:10622000C90713B5064B1B6898470CBC441CA24019
:106230001005120B0349091B09051943114310BD31
:10624000743000201F04000010B54C00620D802344
:10625000D218DB00D21A5B057E2A10DD9E3A13DAD3
:10626000CC170903490819435242D1406400013454
:106270001532202A05DAD0400843604310BD0020C3
:1062800010BD0846604310BDC80FC018013810BDCE
:1062900018B4044B5B6AFC46019308BD24DF2168F7
:1062A00000100000742F002070B513231C78012CFF
:1062B00012D0012C12DC214B214A93642148FFF7B4
:1062C00035F9214B186070BD1C491D4A980081505A
:1062D00001331F2BF8D9ECE70023FAE71B48FFF73F
:1062E0002DF905001A48FFF729F9023803789B00B9
:1062F0007F2B09DD12488022290000F0C9FB022C07
:1063000008D0022CDADCD6E7124B134A13483321AB
:1063100001F00AFD124B1A88B5231B029A4209D1DB
:10632000104B1A88104B9A4204D1104B1A88104B0C
:106330009A42E6D00020FEF761FBC046756300106C
:10634000742F00204C3300007430002053440000B0
:1063500053460000D4F400108003011018F500101B
:1063600054380000D8380000494600009C3800002E
:106370005946000007B56046002800D100BE0188DC
:106380000A0A0230DF2AFAD1C9B2820804D302888D
:1063900040880004104300E00068024A5050039017
:1063A00007BD0000742F00200FB403BC0CBCF0B577
:1063B0000124E407634000E0F0B50C0DCF0F661E2A
:1063C0003605891B640503D3C943404200D301311C
:1063D000640D03D0661CF60A07D0E41B00207F0082
:1063E000791C89078912803C24031D0DDF0F6E1E66
:1063F00036059B1B6D0503D3DB43524200D30133AB
:106400006D0D03D06E1CF60A07D0ED1B00227F0035
:106410007B1C9B079B12803D2D032F1B661B58D4B2
:10642000A446202E46DA20371400BC401D00BD4093
:10643000F24033412A4380185941CB0F05D0C9435C
:10644000C043002264425041514162464D0D28D163
:106450000D0D07D100281FD0241940414941013AB0
:106460000D0DF9D0640006D3013000D30131002CAA
:1064700001D140084000013A0BD4941CE40A04D135
:1064800012051144DB071944F0BDD907204B19430D
:1064900000E0D9070020F0BD0029DDD1002CDBD1C0
:1064A000F0BD0132C6074008CD0728434908002E39
:1064B000E1D0D9E73C2E29DA203E40371400BC4019
:1064C00000D00124F24014431A00BB401C43D317F0
:1064D000ACE7AC46202F08DA20360400B4400D00AB
:1064E000B540F84039412843A5E73C2F0CDA203F5E
:1064F00040360400B44000D00124F84004430800B2
:10650000B1400C43C117EAE710001900002494E7DA
:106510000000F07FF0B50C0D661E3605891BE60AFB
:106520006405640D02D0651CED0A04D00020012131
:106530000905803C2403A4461C0D671E3F05DB1B98
:10654000E70A6405640D02D0651CED0A04D0002240
:1065500001231B05803C24037740644497B484B234
:1065600096B27443070C7E43150C6F4380B26843A8
:10657000361802D3012000043F183004350C0019EE
:106580007D41844688B29AB250430C0C62431F0C82
:106590007C438EB27E43921902D301263604A4199D
:1065A0001604170C3618674101BC81B29AB25143E8
:1065B000040C62431B0C5C4380B25843121802D394
:1065C0000120000424181004130C401863412D18F6
:1065D0005E410020474106BC88B293B258430C0C80
:1065E0006343120C544389B251435B1802D3012117
:1065F0000904641819041A0C091862416D185641EF
:106600000020474118BCF902720D1143F0026A0DD7
:106610001043ED020A0D03D16D1940414941013B80
:10662000124E9B1B7600B3420ED26D0007D3013091
:10663000002671416646354301D1400840001B05E4
:10664000C918E4072144F0BD0BDA013306D101304B
:1066500004D101314F0D01D04908F2E7E1070020D4
:10666000F0BD013631050020EBE70000FF0300001C
:10667000F0B51C0D671E3F05DB1BE70A6405640DC2
:1066800002D0661CF60A04D0002201231B05803CC0
:106690002403D0252D060026F6432E661E096E66BD
:1066A000CE0FF619B44649004F0D02D07E1CF60AF3
:1066B00003D000200021403F3F033E1BB600B444FE
:1066C000013F7F05C91B49082E6F013676089C02E1
:1066D000950D25437543ED137543AD1301356D10CD
:1066E000F603761B0CB4CC02450D2C43A2B2B3B218
:1066F0005A43270C7B43350C6F43A4B26C431B19E0
:1067000002D3012424043F191C041D0CA4187D414C
:1067100024196D41009A91B2ACB26143170C7C43CD
:106720002B0C5F4392B25A43A41802D301221204E5
:10673000BF182204230C52187B41019C6C431B1987
:10674000520ED9010A434401A01A81B2B2B2514398
:1067500003145A43360C734387B27743D617D219C2
:1067600000277E4136049B191704160C7F185E41E2
:106770007316ED18F301002680337541A90F06D179
:106780006400690AE8055B0A184309D22FE0042275
:10679000944480337541A90AA8059B0A184326D35F
:1067A000404149412404009A019B0D005543641B5C
:1067B0004343E41A95B286B27543170C7E43030C2B
:1067C0005F4392B25A43B61802D301221204BF1893
:1067D0003204330C52197B4152429C41002C02D4AA
:1067E0000022013051414008CA071043490802B055
:1067F0006246D7079210084BD218084B9A4203D230
:1068000012058918C919F0BD0020002A01DC3900E1
:10681000F0BD01331905F5E7FD030000FE07000098
:10682000002200B5203200F004F8080000BD00008E
:1068300000220B150AD410B5944600F031F8141458
:10684000013400DA0021CB17144C2047002000212E
:1068500070476244343A0CD40C2A07DA04009140A1
:10686000904052422032D440214310BDD843D943F6
:1068700010BD203207D40C469440524220321141C0
:10688000D040204310BD0800C917203203D4524223
:106890002032104110BD1800190010BD53680010BF
:1068A0000A0DCC0F531E1B05C91A520503D3C94349
:1068B000404200D30131520D03D0531CDB0A07D0F4
:1068C000121B00206400611C89078912803A1203A0
:1068D000014BD21A70470000FF03000051434343AD
:1068E000C9188C46110C83B24B4310B4040C61439D
:1068F00092B280B2504362431C041B0C001910BCBE
:1069000059411304120CC0185141614470470000F2
:1069100070B513231E782A48FEF710FE0500012EDD
:1069200011D0012E09DDAB1E1B789B007F2B40DDB3
:1069300024488022290000F0ABF82348FEF7F6FD3A
:10694000224B186070BD1F485422290000F0A0F8A7
:106950001F4B1A881F4B9A421CD1A7239B011A88F0
:106960001D4B9A4216D11D4B1A881D4B9A4211D1CC
:106970001C4B1A8894239B019A420BD11A4B1A88FC
:106980001A4B9A4206D11A4B1A681A4B9A4201D1F5
:10699000152307E01848FEF731F8184C094A99000A
:1069A0008C5001331F2BF8D9144B064A1362D36164
:1069B000B7E7134B134A1448422101F0B5F9C0461A
:1069C00053460000783000204C3300007430002023
:1069D000EE290000C40F0000C20D0000962B00003D
:1069E000C0B50000182B0000CC2A000010B5000034
:1069F000FC2C000051ED876450E400100D6A00107B
:106A000070F5001094030110A4F5001007B560465E
:106A1000002800D100BE01880A0A0230DF2AFAD11C
:106A2000C9B2820804D3028840880004104300E001
:106A30000068024A5050039007BD000078300020E3
:106A400010B5002804D04018034B984200D810BD60
:106A50000248FDF7D3FFC04600000420FCF50010FB
:106A600070B5050006F024F804002900FFF7E8FFE0
:106A7000200070BD01480421014B1847A0050020EB
:106A80004D550010014B1B6818470000A005002061
:106A9000014B5B6818470000A0050020704710B547
:106AA000002802D00B684968984710BD01000020FB
:106AB00007E083001B185B00501C08601078C018AA
:106AC00030380A681378303BDBB2092BF1D97047B4
:106AD000F0B5DE4657464E464546E0B583B0934690
:106AE0001F000C9B9A460D9C0E9B99460F9B9B0783
:106AF00017D0B8460F00060022E0551C4B46414611
:106B00002020B84701342A00B442F6D33D004F4656
:106B10005C46019B9B46B1464646B84637002E0070
:106B20000EE00192A34688464E46B9460700EBE7C1
:106B3000013C551C5346185D43463900B0472A00B6
:106B4000002CF5D135003E0047460F9B9B0711D422
:106B5000100003B0F0BCBB46B246A946A046F0BD4B
:106B6000541C4B4641462020B8472200531BB342D9
:106B7000F6D3EDE7B0464E46B9462F005D46F5E741
:106B8000F0B5CE46474680B585B0944698460C9DF4
:106B90000D9C0EAB1B789946109A119B129EB7075D
:106BA0001CD4002B0CD0F7070AD54F46002F02D17A
:106BB0000C37374204D0013B02E030272F55013417
:106BC000944201D21F2CF8D9F70707D59C4205D271
:106BD0001F2C03D830272F550134F5E7F70612D5BF
:106BE000770505D4002C03D0944221D09C421FD0BD
:106BF0000F9A102A2FD00F9A022A36D01F2C0AD8AB
:106C000030222A5501341F2C05D84A46002A32D09A
:106C10002D222A5501340396029301940095434690
:106C20006246FFF755FF05B0C0BCB946B046F0BD9F
:106C3000621E012C17D00F9F102F0BD014000F9A3B
:106C4000102AD8D1B206D6D51F2CD4D858222A550E
:106C50000134D3E7023CB206F1D41F2CEFD87822DE
:106C60002A550134CAE71400C2E71F2CD3D860327A
:106C70002A550134C2E7720703D52B222A55013465
:106C8000C9E73207C7D520222A550134C3E7F0B53A
:106C9000DE4657464E464546E0B593B081468A46A5
:106CA000089209931CAB10CB1B789B461E9D219B21
:106CB0009846002C03D1102342469A4390468023E5
:106CC000DB0046461E4042461A4218D0002C22D015
:106CD000002614E0424692061BD54121C918C9B2CC
:106CE0000A39C9B2771C0AAB995529002000FEF772
:106CF000B9FFAC4210D31F2F0ED83E00040029006C
:106D00002000FEF7AFFFCBB2092BE3D83033D9B266
:106D1000E8E76121E2E7270043460693209B0593BD
:106D20001F9B049303955B46029301970AAB009364
:106D3000099B089A51464846FFF722FF13B0F0BC62
:106D4000BB46B246A946A046F0BDF0B5DE46574662
:106D50004E464546E0B597B00A900B910C929A4684
:106D6000209B9946219F22AA13789B46249B099336
:106D7000259C289B98464A463A4302D110329343B9
:106D800098468022D20045461540434613420AD019
:106D90004A463A4341D000252E0053460D934D46B6
:106DA000099B9A4621E02E0053460D934D46099BC0
:106DB0009A461AE04246920623D54122D218D2B210
:106DC0000A3AD2B2731C99460EAB9A55524623002A
:106DD00028003900FEF784FFBC4220D813D04B4670
:106DE0001F2B16D84E4605000F00524623002800E0
:106DF0003900FEF775FFD3B2092BDBD83033DAB296
:106E0000E0E76122DAE7AA45E9D94E460D9B9A46AA
:106E100008E04E460D9B9A4604E0002602E04E46EE
:106E20000D9B9A4643460693279B0593269B049306
:106E3000099B03935B46029301960EAB0093534666
:106E40000C9A0B990A98FFF79BFE17B0F0BCBB4653
:106E5000B246A946A046F0BDF0B5DE4657464E46BE
:106E60004546E0B591B0804689460C929A461A9CF8
:106E70001B9D22002B0020002900FFF7BCF90028F1
:106E800000D0F2E001225242D54B20002900FFF74A
:106E9000ADF9002800D0E8E001225242D14B200099
:106EA0002900FFF78DF9002800D0DEE00022002342
:106EB00020002900FFF784F9002800D0EAE00694BA
:106EC00007958023DB001E9A1A400D921E9A1A42E3
:106ED00001D106231C930698079902000B00089223
:106EE000099303000A00024300D1DFE0080D4005CA
:106EF000400DBD4EB4466044079E3203120B1E0087
:106F0000BA4B13431F00FFF787F9B94AB94BFFF794
:106F100014F9B94AB94BFFF7E9F808900991002232
:106F2000B74B30003900FFF7D8F8B64AB64BFFF739
:106F300004F902000B0008980999FFF7D7F8FFF74A
:106F400083F98346FFF768F906000F00AF4AB04B9C
:106F5000FFF7F3F80022AF4BFFF7C8F8FFF774F91B
:106F60000890AD4AAD4B30003900FFF7E6F8060057
:106F70000F000898FFF750F9A94AAA4BFFF7DDF870
:106F800002000B0030003900FFF7A7F806000F00E1
:106F900002000B00FFF7D1F80A900B91089BA24A60
:106FA0009446634400210022089109921B0509932D
:106FB0000023089332003B0030003900FFF796F8B9
:106FC0000E900F9132003B0000208021C905FFF791
:106FD00084F806000F000022944B0A980B99FFF7E3
:106FE0008EF80022924BFFF781F802000B000A98FE
:106FF0000B99FFF784F800228E4BFFF777F8020019
:107000000B000A980B99FFF77AF802000B0030008A
:107010003900FFF76BF802000B000E980F99FFF78D
:107020006EF80022714BFFF761F8089A099BFFF791
:1070300084F806000F0008960997069A079BFFF749
:10704000D5F800280BD001235B429C46E344002284
:10705000774B30003900FFF752F8089009915B46F2
:107060006333C62B45D8042623E01E9B04931D9B47
:1070700003931C9B02930094019553460C9A494636
:10708000404600F0FBF811B0F0BCBB46B246A94642
:10709000A046F0BD002100220691079206948023AD
:1070A0001B069C46AC44634607930AE700239B46B5
:1070B00004261E9B1B0528D5089A099B190011431D
:1070C0000FD05D4A5D4B06980799FFF787F80028B7
:1070D0007AD000225A4B06980799FFF771F80028DA
:1070E00072D01C9B5B4506DD5A469B1A013B1C93E4
:1070F00003E00526DDE700231C938023DB001E9AB6
:107100001A431E92002600239B461D9B9E4265D279
:107110009F1B02231E9A1A400A921E9A134202D003
:10712000002E00D000275B46002B07D0089A099B51
:1071300006980799FEF7E3FF0690079100220023C7
:1071400020002900FFF73CF8002800D07CE03D4BF0
:107150001E9A1340049303971C9B0293069B079C63
:107160000093019453460C9A4946404600F086F835
:10717000002E00D187E71E9B9B0671D54525441C38
:107180005346020049462800C0475A46D317D21832
:107190005A4005230593013E0496002303930A33C6
:1071A00002935B46DB0F019300925346220049464F
:1071B0004046FFF76CFD0A9B002B00D163E70200FD
:1071C00047460C9E1D9D53E01C9B002B9DD00D9BA4
:1071D000002B9AD01C9B013B1C9396E7002798E755
:1071E000FFFFEF7FFFFFEFFF01FCFFFF0000F03F1D
:1071F000FB799F501344D33FB3C8608B288AC63FA6
:107200000000F83F61436F63A787D23F71A37909FC
:107210004F930A400000E03F1655B5BBB16B0240EA
:10722000EF39FAFE422EE63FFF03000000002C403B
:1072300000002440000018402D431CEBE2361A3FAA
:1072400080842E41FFF7FFFF069C079D2200290046
:1072500080200006844661440B000692079376E77F
:1072600065258CE7541C534649462020B847220028
:10727000931BAB42F6D3100005E7C046F0B5DE46DF
:1072800057464E464546E0B595B006900791934661
:107290009946209F1E9A1F9B10001900FEF7ABFF16
:1072A000002831D101225242BC4B1E981F99FEF793
:1072B00087FF002837D101225242B94B1E981F99EF
:1072C000FEF794FF00283DD10022B64B1E981F996F
:1072D000FEF78CFF00284AD10022B34B1E981F995D
:1072E000FEF76EFF002842D1002200231E981F994E
:1072F000FEF766FF00284AD100239846229B5B05D3
:1073000000D4B0E0002452E0229B0393219B02931F
:1073100003230193A54B00934B465A4607990698C1
:10732000FFF7D6FB08E1229B0393219B02930423E2
:1073300001939F4B00934B465A4607990698FFF7D7
:10734000C7FBF9E0229B5B070ED59A4B04222299DA
:10735000039121990291019200934B465A46079955
:107360000698FFF7B5FBE7E0934B0322EFE7229B7C
:107370000493219B039302971E9B1F9C00930194EF
:107380004B465A4607990698FFF766FDD4E01E9AC9
:107390001F9B00200021FEF7A0FE1E901F910123DD
:1073A0009846ABE70CAB30221A55013F01341F2C35
:1073B00001D8092FF6D81E981F99FEF745FF050042
:1073C000FEF72AFF02000B001E981F99FEF785FEAC
:1073D0007A4BFA009B181A685B680A920B93FEF7C7
:1073E000ACFE08900991FEF753FF0600FEF710FF70
:1073F00002000B0008980999FEF76FFE08900991AA
:1074000000226F4BFEF7F2FE00282ED0013630002E
:10741000FEF7FEFE02000B000A980B99FEF7D6FE5F
:10742000002801D001350026002F2CD12800FEF7BE
:10743000F3FE02000B001E981F99FEF74EFE060099
:107440000F0000225E4BFEF7BBFE002846D1002253
:107450005B4B30003900FEF7C9FE00283ED1EB0738
:107460003CD501353AE006274CE70022544B0898FA
:107470000999FEF7A5FE0028D6D1002E01D0F3070A
:10748000D2D50136D0E7AA461F2C11D8013F0A21D8
:107490003000FEF7E7FB651C30310CAB19550A21B3
:1074A0003000FEF7DFFB092E0ED906002C00EBE7BB
:1074B00055461F2C0CD87B1E002F09D00CAA30215A
:1074C00011551F000134F4E72B0055461C00F0E76E
:1074D0001F2C03D80CAB2E221A5501341F2C10D8A8
:1074E0000A212800FEF796FB661C30310CAB1955BB
:1074F0000A212800FEF78EFB051E01D03400EDE7BF
:1075000034000323229A1340012B1CD01F2C06D8D1
:107510004346002B32D00CAB2D221A550134229B4E
:107520000393219B029301940CAB00934B465A4664
:1075300007990698FFF7CCFA15B0F0BCBB46B246E7
:10754000A946A046F0BD219B002B13D04346002B3B
:1075500002D10C3313420FD0219B013B2193190020
:1075600003E00CAB30221A5501348C42CED21F2CD2
:10757000F7D9CBE72199F8E72199F6E7229B5B073A
:1075800004D50CAB2B221A550134C8E7229B1B07EC
:10759000C5D50CAB20221A550134C0E7FFFFEFFF21
:1075A000FFFFEF7F65CDCD4165CDCDC158F6001011
:1075B0005CF600104CF6001054F60010980501100F
:1075C0000000E03FF0B5DE4657464E464546E0B582
:1075D00093B007008A4693461193002900D12CE30B
:1075E000002508E06C1C5B462A005146B847119BF9
:1075F000013311932500119B1878002800D11EE358
:107600002528EFD1013311930023180020E0012336
:10761000184301321192012418E002231843013269
:107620001192012412E00423184301321192012423
:107630000CE00823184301321192012406E01023C4
:10764000184301321192012400E00024002C09D0DB
:10765000119A1378203BD9B21029F6D88B00C4496F
:10766000CB589F468146119B1A781300303BDBB202
:10767000092B10D92A2A13D00B94119B1A782E2A81
:1076800020D0119A1378683BD9B2122965D88B00A3
:10769000B849CB589F4611A8FFF708FA0B90ECE7C2
:1076A0001C9B1A1D1C921B68002B04DB0B93119B67
:1076B00001331193E1E702220100114389465B4245
:1076C0000B93F4E78022D2004946114389465A1CA5
:1076D00011925A781300303BDBB2092B0BD92A2ABE
:1076E000CFD11C9B1A1D1C921C68002C08DB119B1F
:1076F00001331193C5E711A8FFF7D8F90400C0E7DB
:107700000024F4E780235B0049460B43511C119190
:1077100051786C2901D099461FE0C0239B0049464F
:10772000194389460232119217E0802349460B43E0
:10773000511C11915178682901D099460DE0C02360
:107740004946194389460232119206E080235B00C4
:1077500049461943894601321192119B18786728CE
:107760001CD8252800D25EE20300253BDAB2422A6B
:1077700000D958E29300804AD3589F4680239B004B
:1077800049461943894601321192E6E780235B009E
:1077900049461943894601321192DEE7782800D91B
:1077A00041E2692800D23EE20200693AD2B20123E6
:1077B0009340724A134210D11A0600D50CE25B05C1
:1077C00000D430E21C9B1A1D1C921E68002C00D0B5
:1077D000BAE101225242330096E16F2842D005D827
:1077E000582841D0622803D1022606E078283DD0EF
:1077F00010234A469A4391460A26582838D06928C9
:1078000005D0642803D00C224B46934399464B463F
:107810005A0502D501229343994669282DD0642840
:107820002BD04B469A0500D5AAE0DA0500D5C2E078
:107830005A0600D4D3E01C9A111D1C911168FF2236
:107840000A404B4605930B9B049303940296002336
:10785000019300925B462A0051463800FFF717FA61
:1078600005002AE00826C8E71026C6E71026C4E768
:1078700020224B4613439946C1E74B469A0520D434
:10788000DA0551D45A0666D51C9A111D1C9111684F
:10789000FF220A40D017111841404B4605930B9B1D
:1078A000049303940296D20F019200915B462A0042
:1078B00051463800FFF7EBF90500119B0133119396
:1078C00099E61C9A073207218A43110008311C915E
:1078D000116853689C46DB170C930D930C9A0D9B13
:1078E000100048400E900D9B61464B400F930E9840
:1078F0000F990C9A0D9B801A99410E900F914B464F
:1079000008930B9B07930694049600230593634604
:10791000DA0F0292009001915B462A00514638002E
:10792000FFF713FA0500C8E71C9A111D1C91126895
:10793000D0171118414005930B9B049303940296B2
:10794000D20F019200915B462A0051463800FFF7A2
:107950009EF90500B1E71A0605D51C9A111D1C9168
:107960000023D25E96E71C9A111D1C91126891E7C4
:10797000FC030110400401108C0401104190000030
:107980001C9A073207218A43110008311C91089381
:107990000B9B079306940496002305930293536868
:1079A0001268009201935B462A0051463800FFF7A7
:1079B000CCF9050081E71C9A111D1C9105930B9BC6
:1079C00004930394029600230193136800935B468B
:1079D0002A0051463800FFF75AF905006DE71A06EC
:1079E00006D51C9A111D1C9112681204120C28E76E
:1079F0001C9A111D1C91126823E746281AD01C9B63
:107A00000733072293431A0008321C924A46049215
:107A10000B9A039202941A685B68009201935B468A
:107A20002A0051463800FFF729FC0500119B01335D
:107A30001193E0E520234A461A439146DFE7672881
:107A400001D0472804D180231B014A461A4391469E
:107A5000452801D0472803D120234A461A4391469E
:107A60001C9B0733072293431A0008321C924A4694
:107A700004920B9A039202941A685B680092019335
:107A80005B462A0051463800FFF7E6F90500119BD6
:107A900001331193AFE502234E461E404A4613427E
:107AA0001ED001241C9B1A1D1C926A1C904618783B
:107AB0005B462A005146B847002E14D1119B013372
:107AC0001193454697E5551C5B4651462020B84723
:107AD00023002A005C1C0B999942F4D81500E1E7B9
:107AE00001232A00F6E7424606E0561C5B46514653
:107AF0002020B8472C003200651C0B9BA342F4D811
:107B00009046DBE701330A001978002902D0511EA4
:107B1000002AF7D19B1B8022D2004946114088469B
:107B20004946114202D0A34200D92300022249460D
:107B30001140109149460A4208D02A002500994672
:107B40003B004746984626E0220044E6A1462A002C
:107B50005146B2460E0006E0551C5B46310020201F
:107B6000B84723002A005C1C0B999942F4D81500F1
:107B700022004C46330056469A4691462A0025007C
:107B80003B004746984606E01D000136541C5B4604
:107B90005146C04722003078002804D0002FF4D08E
:107BA0006B1E002DF0D115004B464746109A002A57
:107BB00003D1119B013311931DE50B9E2A0006E0B2
:107BC000551C5B4651462020B84723002A005C1C08
:107BD0009E42F5D81500ECE721234A461A431300CC
:107BE0001C9A111D1C911268059308230493039499
:107BF000083302930023019300925B462A0051460A
:107C00003800FFF744F80500119B01331193F2E4AB
:107C10006C1C5B462A0051462520B847119B013356
:107C200011932500E7E46C1C5B462A005146B847D7
:107C3000119B013311932500DDE40A4FD0E45D452B
:107C40000DD35B465A1E5B4651460020B8472800BC
:107C500013B0F0BCBB46B246A946A046F0BD2A0010
:107C6000F1E7C0469D6A001010B584B00C0002A96F
:107C700002904C6001240448009313006242FFF715
:107C8000A1FC04B010BDC0469F6A001000BEFDE715
:107C900003000A4A1268002A08D0084A1068C3186C
:107CA000074A9A4206D3054A13607047034A0549BA
:107CB0001160F2E701204042F7E7C046EC2C0020BB
:107CC000000004209031002010B5030008001100CE
:107CD000002B05D1044B1A685B6800F039F910BD20
:107CE00001204042FBE7C0463803011010B50300F5
:107CF00008001400013B012B06D8012300222100BB
:107D000000F0DCF8200010BD01204042FBE701201C
:107D10004042704701204042704701204042704776
:107D200010B5FFF7B3FF000030B583B00D001900A8
:107D3000002A0BD0074B084C019200932B00020045
:107D4000200000F0B9F90120FFF7A0FF034B1A0053
:107D5000F1E7C04664F6001074F6001050E400101D
:107D600010B5EFF30583002B00D000BEFDF762FED7
:107D7000034C01E008CC9847024B9C42FAD310BD5B
:107D80000CDF001014DF001010B503000800110014
:107D90001B68984710BD0000F8B507000D001600DD
:107DA000437D002B02D0002400200CE0036811006A
:107DB000280098472DE03B7D10E03B6815480221E4
:107DC0009847601C0134B44214DA002CF3DD2B19FF
:107DD000013B1B780D3B5A425341DBB22A5D0A2A14
:107DE000F0D1002BEED1A042E7DA3B68211A281827
:107DF0009847E2E7B04203DA3B68311A28189847FF
:107E0000002E06DDAD19013D2B780D3B5A42534142
:107E10003B75F8BD0406011070B505000368002B22
:107E200016D00C4B1C6805E0290004C92000FFF7A0
:107E3000B3FF2469002C09D02368002BF9D0064B2E
:107E40001B68002BF0D0A342F3D1EDE700232B6099
:107E500070BDC046C41F0020E82C002070B505008E
:107E60000C000B68802B05D023685A1C2260E41894
:107E7000257170BD0800FFF7CFFFF5E710B5FDF7DE
:107E8000F3FA074A002312184B41002B03DB054885
:107E900006F00EF810BD01225242034BF7E7C04630
:107EA00040420F00540B0020FFFFFF7F10B5024837
:107EB00005F0DEFF10BDC046540B0020F0B5CE46E5
:107EC000474680B583B006000D0090461C00FFF7C2
:107ED000D5FF81466B1C05D0002C08D0184F194BDC
:107EE0001C6807E0300005F01DFB0500F4E7164FA5
:107EF000F5E72469002C17D02368002BF9D0134B29
:107F00001B68002B01D0A342F3D12A0031002000CE
:107F1000B8474346002BECD06B46D91D0A230B70A3
:107F200001222000B847E4E74B46002B05D128008A
:107F300003B0C0BCB946B046F0BDFFF7B7FFF6E7E7
:107F4000997D0010C41F0020897D0010E82C0020BE
:107F5000F0B583B006000F0001920093164B1C6829
:107F600008E0A368002B04D03900300098470028AF
:107F700020DC2469002C06D0104B1D68002DF0D0A9
:107F8000A542F6D1EDE700990A000D4B5B6A9942D4
:107F900009D80B49896A0198814209D29A4202D0D4
:107FA0000220404206E001200021FDF765FAD5E7F6
:107FB0000220404203B0F0BDC41F0020E82C002086
:107FC0000040054010B5064B1C6800E02469002CF9
:107FD00004D06368002BF9D09847F7E710BDC0467E
:107FE000C41F00200020704730B583B00400002576
:107FF000FDF73AFA22002B0012184B41002B0ADB46
:10800000012101A8FFF7A4FF002802DB07D001AB84
:10801000187803B030BD01225242044BF0E7044B04
:10802000044A06210448FF31FFF77EFEFFFFFF7F71
:10803000A4F60010E8050110A8F6001010B582B0F3
:1080400004006B46D81D0470012300220121FFF7B4
:1080500035FF200002B010BD70B5050005F062FAD2
:1080600004000123012201002800FFF727FFFFF78A
:10807000A9FF200070BD0000F0B5A3B004000E0001
:10808000FFF7FCFE050001AF002301930948330010
:1080900022003900FFF7E8FD04003800FFF7BCFEBE
:1080A000FFF790FF002D02D1200023B0F0BDFFF7B5
:1080B000FDFEF9E75D7E00100FB400B583B004A9A2
:1080C00001C90191FFF7D8FF03B008BC04B01847FD
:1080D000064B1B78002B04D0044B5B78002B02D09E
:1080E00070470220FCE70120FAE7C046CC210020BF
:1080F000704770470020704770477047704770475F
:1081000070477047704770B504000D0004220021CD
:108110002800FEF7B7FC00E001342378002B12D0D2
:108120002F2BF9D1A31E1B782B70631E1B786B704D
:108130002D23AB706278EA702B71E3786B71237931
:10814000AB710023EB7170BD30B5C7B000F002FA1F
:108150000500104C082200212000FEF793FC0822A5
:1081600021002800FFF7CFFF6946200002F071FDD3
:10817000012809D000280AD16B461B7ADB0606D5F8
:10818000054B01221A7002E0024802F0E1FD47B0FF
:1081900030BDC046AC1F0020CC21002010B5114CD2
:1081A000A544114802F030FC1049382202A802F020
:1081B000C1F8002803D08C239B009D4410BD0C49BE
:1081C00002AC01AB0B22200002F08DFA00F0C2F9E4
:1081D000210003F02DFA074B01225A70200002F013
:1081E00001FCE8E7D0FDFFFFAC1F0020F0F6001017
:1081F000FCF60010CC21002081B5FFB0802306489A
:108200009B006A46002102F0BDFE04490448012299
:1082100002F062F87FB082BD50E4001008F7001051
:10822000D021002010B50349034B1868012202F049
:1082300053F810BD50E40010E805002010B5FFF71A
:10824000F1FF50280AD0522808D0532806D05128D0
:1082500004D0034B8200D3589847F2E710BDC046C4
:10826000B005002010B5040010220021FEF70AFC22
:1082700080235B022360F8235B0263608023DB02C0
:10828000A360C0231B03A360200010BD70B50500D0
:108290000C00FFF7E7FF621C04346B6804490B40D5
:1082A000D2011343240323436B60280070BDC046F2
:1082B0007F00FEFFF0B5CE46474680B587B0070089
:1082C000884691461E0002AD11002800FFF7DEFF30
:1082D000059B234A1340F203F82109030A40134384
:1082E0000593039B1F4A13400E9A1206F821490575
:1082F0000A401343039300230093023332004146A4
:10830000380000F02BFA184BFC18240DE4B20634A8
:10831000E4B221003000FDF72DFA701C2100FDF7BA
:1083200029FA0499114B0B40812212041343049340
:108330000F4B19400A4380231B06134304932B0061
:108340004A464146380000F063FA3B680122414644
:108350008A4013433B6007B0C0BCB946B046F0BD8D
:10836000FF7FF0FFFFFFFFE00000E0AFFFFF0AFE2E
:10837000FFFF0A3E10B50C2906D80368064A1340D1
:10838000C9020B43036010BD044B054A2A2105486E
:10839000FF31FFF7C9FCC046FF87FFFF0CF7001055
:1083A000080601102CF7001000B583B0010000236F
:1083B000019310330193134B019301A8FFF7DAFFE8
:1083C000019B0C22190091430A0008210A430192E3
:1083D0000D4A1A400A4301920C4A1A400A4301927C
:1083E0000B4A1A401143019109210A430192094A9B
:1083F0001A400A430192084818400843019003B00C
:1084000000BDC04610801F0033F8FFFF33F8BFFFE8
:1084100033F89FFF33F81FFF31F81FFF10B54B07EC
:108420000BD50D4B9A6801231C009440A020C00579
:108430008622D2008450094A1370090700D410BD67
:1084400000F08CF8002803D0044B00221A70F6E7E5
:10845000024B01221A70F2E7202F0020E8040020CE
:1084600030B583B0204C21482060214900F05EF9EE
:1084700005002068012100F03DF9010060602068DE
:1084800004230093023B2A00FFF714FF012000F0B1
:1084900019FAA060FFF788FFE0600C2302009A43FE
:1084A000E2601C2302009A431300E260202213437F
:1084B000E360104B1840104380239B020343E360AA
:1084C000A56800F047F822682032AB01A021C90559
:1084D0008C4663441A605860802252009A60E268B9
:1084E0001A6103B030BDC046202F0020000020508C
:1084F00024060110E37FE0FF10B50420FDF7D0F95A
:10850000D0231B0610229A62002201210420FDF7CD
:108510004BF9034B01220C210420FDF7ADF910BDEE
:108520001D840010014B98687047C046202F002022
:1085300070B5074C80256D002A0000212000FEF751
:10854000A1FA60192A000021FEF79CFA70BDC0460E
:10855000082D002000487047082D002010B5FFF7B7
:10856000E1FF8001A023DB059C4660444368054A87
:108570009B1A1278013B9A4201D0002010BD0120C5
:10858000FCE7C046082D002010B504001022002191
:10859000FEF778FA80235B022360F8235B026360B6
:1085A0008023DB02A360C0231B03A360200010BD57
:1085B0000120704770B504000E0015008B79002B68
:1085C0001CD1FFF7F5FF00281BD00523F356002B25
:1085D00001DBAB4218D10E4B9C466444240D0D4B7D
:1085E000A400E258317901238B40013BAB401A4291
:1085F00001D1002070BD09204042FBE71420404219
:10860000F8E70B204042F5E70B204042F2E7C04676
:108610000000E0AF681C0020F8B506000D00170050
:10862000FFF7C8FF002822D1002405E0DA19E3197A
:1086300012339B009A5101342B79A34208D92A683E
:108640006300D35A802292019342EFD31A00EEE7DF
:1086500001229A401300013B054A94466644360DB8
:108660000449B6007258BB40134373503800F8BD3C
:108670000000E0AF681C002070B50A79202A18D8E5
:10868000174B9C466044000D164B8000C4580123D4
:108690009340013B497949B2002910DB08002025AD
:1086A000AA1A914218DC8B401C4201D001204042A2
:1086B00070BD0D4B0D4A0E484321FFF735FB2020BE
:1086C000801A002805DB1A0082401442F0D00138DD
:1086D000F7E709204042EBE701204042E8E7C046C7
:1086E0000000E0AF681C002084F70010380601107D
:1086F000B0F7001010B582B0094BC418240DA400C7
:10870000E31C0848084A00922200FCF7BEF98442A4
:1087100002DC001B02B010BD01204042FAE7C04657
:108720000000E0AF801D0020F8F70010F8B505004C
:108730000E00FCF77BF9070031002800FFF79CFFD3
:10874000041E04DA3800FCF77DF92000F8BD0200B1
:1087500031002800FFF760FF0400F3E7F0B5CE46D4
:10876000474680B507AC25781F2A4AD84C006618C2
:10877000F60086193700DC373F68BC46CC363668D1
:10878000B0466418E400C83404191F4EB1464C4486
:108790008026B6022660002D01D01F2614E0002698
:1087A00012E05401A0256D0525434C006418E40037
:1087B00004192700DC373D60144D3543D83425605B
:1087C000053B05321F242240052BEAD89B065201A7
:1087D00013434C006218D20082181500DC352B6060
:1087E0000A4B3343D832136063462B606418E400AD
:1087F0000019CC30434603600020C0BCB946B046E7
:10880000F0BD05204042F8E70430000080E00000A1
:10881000F0B585B004000D00160002680121A940E2
:108820008A430260002B36D018686A005219D200C1
:10883000A2181100C83108609868083108605868AB
:1088400004390860DB68DC3213606A005319DB000E
:10885000D033E318802149018C4663448021090606
:1088600019601960164BAB40A360291D0123180045
:108870008840802189016118086028000830834001
:108880000B601F2333405219D200A418D834236040
:10889000002005B0F0BD6846FFF776FE00996B003A
:1088A0005B19DB00E3181A00C83211600299083224
:1088B00011600199043A1160039ADC331A60C4E72D
:1088C0000101010110B582B00100054C054B009378
:1088D0000B2300222000FCF7D8F802B010BDC046E0
:1088E000863100201CF80010437800781B021843E2
:1088F00070470200C3781B0281780B43180253783B
:10890000184300021378184370470170090A417038
:10891000704701700B0A43700B0C8370090EC17015
:10892000704700207047002070470239C369023B3E
:108930008B4204D9036B4289514358187047002079
:10894000FCE770B506000C0008001A30FFF7CCFFFA
:1089500005003378032B00D070BD20001430FFF7E2
:10896000C3FF00042843F7E770B506000C001500AC
:1089700091B220001A30FFF7C8FF3378032B00D0E4
:1089800070BD290C20001430FFF7BFFFF8E700008E
:10899000F0B5C64600B580460E0008001A30FFF755
:1089A000A3FF00282CD1337840229343013B5D0084
:1089B000ED18AD00ED180127002403E0174A90429E
:1089C00024D101340C2C0ED8154B185D3018FFF74C
:1089D0008BFF002FF2D0FF2D16D86B004246D052ED
:1089E00007000135EDE733785B0611D5002F11D074
:1089F000FF2D11D86D00454400222A80012000E09F
:108A0000002080BCB846F0BD0020FAE70020F8E75F
:108A10000120F6E70120F4E70020F2E7FFFF000065
:108A200000070110F8B5CE46474680B580460F00D6
:108A300091464B730F23CB7200230B7308001A303F
:108A40000021FFF762FF4B46013B5E00F618B600BF
:108A5000F6180024002502E001350C2D10D8124B29
:108A60009C4203D073004246D45A01360F4B585DE6
:108A700038182100FFF749FF002CEDD10A4CEBE735
:108A8000094B9C4204D076004346F35A002B04D194
:108A900040234A461A43D3B299464B463B70C0BC6A
:108AA000B946B046F8BDC046FFFF00000007011000
:108AB00010B501000B2400204308C0010343DBB2C2
:108AC0000A7801319B18D8B2013C002CF4D110BDBA
:108AD00010B501000068002823D00200137801328D
:108AE0001F2B01D93A2BF9D13A2B02D00E4B187813
:108AF00010BD03781C00303CE4B2092C0BD80230C6
:108B0000904202D001204042F2E7303B1800032B94
:108B100004DC0A60ECE701204042E9E70120404222
:108B2000E6E701204042E3E78831002070B5040009
:108B30000D00002818D00368002B17D01A78002ADF
:108B400017D08188DA88914203D0062000242C6057
:108B500070BD587803F046FE030001221000184053
:108B60001A4209D12468F2E70620F0E71C0006202B
:108B7000EDE706200024EAE706200024E7E770B5C9
:108B800004000579002D01D1280070BD060038369B
:108B9000426B40780123310003F050FE051E11D1D5
:108BA00000232371626BA36AD31A216A8B42EBD232
:108BB000E378022BE8D152186078013B310003F0D2
:108BC0003DFEE1E75025DFE770B504000D00436B83
:108BD0008B4202D10026300070BDFFF7D0FF061E89
:108BE000F9D121003831607801232A0003F008FE12
:108BF000002802D0503601256D426563EBE7000086
:108C000070B5040000230371013B4363FFF7DCFFF1
:108C100000285AD12E4BE018FFF766FE05003823D6
:108C2000E35CEB2B08D0E92B06D0E82B04D0294BD2
:108C30009D4248D0032070BD264B9D4239D0200074
:108C40004330FFF751FE4523E15C431E0342EED162
:108C500080239B009842EAD3E9D80029E7D04B1E35
:108C60000B42E4D120004630FFF73EFE0028DED064
:108C70004823E35C013B012BD9D820004930FFF7A2
:108C800033FE0028D3D020004B30FFF72DFE7F2885
:108C900007D820005830FFF72CFE80235B02984253
:108CA000C5D320004E30FFF71FFE0028BFD00020A4
:108CB000C1E70949082220008A3004F0D9FA0028C7
:108CC000BDD10020B7E70220B5E70420B3E7C046D6
:108CD0003602000055AA00003CF8001070B584B0C0
:108CE00006000D000021FFF78BFF022816D02AD8BE
:108CF000002D28D000240BE0300038302301C7338A
:108D0000FF33C018FFF7F5FDA3006A46D0500134C9
:108D1000032CF1D9002D03D06C1E0DE00024F7E7E1
:108D20002C0009E03000FFF76BFF002D0BD101286C
:108D300009D90134032C06D8A3006A4699580029A2
:108D4000F0D10320F1E704B070BD0000F0B5DE46BD
:108D500057464E464546E0B585B00E001500002347
:108D60000B60FFF7B5FE002800DA32E1AF4B800060
:108D7000C458002C00D135E1346001239D432E00FE
:108D80002378002B0FD0607803F02CFD01231D0009
:108D90000540034207D1002E00D11BE1400700D45B
:108DA00018E1532516E100232370607803F025FDB8
:108DB00001231D000540034200D015E1002E02D022
:108DC000400700D512E100212000FFF787FF0428AB
:108DD00000D10DE1012800D90CE1636B9B46200016
:108DE0004330FFF781FD80239B00984200D003E1D0
:108DF00020004E30FFF778FD061E04D120005C30C5
:108E0000FFF777FD060026624823E75CE7707B1ECC
:108E1000DBB2012B00D9F1E0774301974523E75CF2
:108E20006781002F00D1EBE07B1E3B4200D0E9E0E0
:108E300020004930FFF758FD804603000290208152
:108E40001B0700D0E0E020004B30FFF74DFD8246CD
:108E5000002804D120005830FFF74BFD8246200047
:108E60004630FFF741FD021E039000D1CEE0019B8A
:108E70009C46624443461B099BB290469844C245B7
:108E800000D2C5E0534642469B1A9A463900180064
:108E9000FCF7E8FEBA4500D2BCE0654B984205D825
:108EA000644B984249D80223994601E00023994631
:108EB000614B984244D94B46002B00D1ACE0831C57
:108EC0009A46E3615B466362039B5B44A36242464E
:108ED0005A4422634A46032A35D0029A002A00D116
:108EE000A0E0019A94466344E3624B46022B3BD0D8
:108EF00053465B0053445B08012251460A409B18CD
:108F00004E4A944663445B0AB34200D98CE0012385
:108F10005B4263612361813363714B46032B26D02F
:108F20004B462370464A138801339BB21380E3807B
:108F3000444BE3600023A3614CE003239946BAE766
:108F400001239946BBE720006230FFF7CDFC0028E3
:108F500064D1029B002B63D120006430FFF7C9FC71
:108F6000E06253469B00CBE753465B00C8E7200016
:108F70006830FFF7B9FC0128D2D1594601312000F1
:108F8000FFF722FE0028CBD1002363712E4BE0189F
:108F9000FFF7AAFC2D4B9842C2D120003830FFF7D2
:108FA000A8FC2B4B9842BBD187239B00E018FFF70E
:108FB000A0FC284B9842B3D188239B00E018FFF710
:108FC00098FC606189239B00E018FFF792FC206108
:108FD000A6E75425280005B0F0BCBB46B246A9461A
:108FE000A046F0BD0725F5E75225F3E75325F1E745
:108FF0005025EFE70825EDE70825EBE70825E9E729
:109000000825E7E70825E5E70825E3E70825E1E780
:109010000825DFE70825DDE70825DBE70825D9E790
:109020000825D7E70825D5E70825D3E7E00C002079
:10903000F5FFFF0FF5FF0000F50F0000FF01000036
:1090400084310020F00C00203602000055AA0000F8
:109050005252614172724161F0B5D6464F46464662
:10906000C0B506000C001700012900D880E0C369D4
:109070008B4200D883E00378022B49D0032B5BD0CE
:10908000012B00D07DE04B0898468844816A434616
:109090005B0AC918FFF798FD051E6AD138239A4666
:1090A000B244373B434499464346DB05DB0D53440A
:1090B000012211002140884622421ED018783A0130
:1090C0000F2101400A43D2B21A7001233371B16AF1
:1090D0004B465B0AC9183000FFF776FD051E48D1E4
:1090E0004B46DB05DB0D53444246002A07D03A09C4
:1090F000D2B21A70012333713BE0FAB2E4E71A7876
:109100003F0A7FB20F2139400F2082430A43F0E724
:10911000816A230AC918FFF757FD051E29D13000BF
:1091200038306400FF235B001C40B9B20019FFF720
:10913000ECFB012333711CE0816AE309C918FFF7D6
:1091400043FD051E15D13F013F0933003833A4000C
:10915000FE22520014401C192000FFF7CAFB010F29
:10916000090739432000FFF7D4FB0123337100E0E6
:1091700051252800E0BCBA46B146A846F0BD5125AD
:10918000F7E75125F5E7F8B50C000568012956D930
:10919000EB698B4255D92B78022B2CD0032B3BD07B
:1091A000012B50D14E087618A96A730AC9182800F5
:1091B000FFF70AFD002802D00120404240E0771C62
:1091C000F605F60DAE1938363678A96A7B0AC91845
:1091D0002800FFF7F9FC002837D1FB05DB0DEB1861
:1091E0003833187800023043E40701D5000927E03E
:1091F0000005000D24E0A96A230AC9182800FFF71A
:10920000E3FC002824D138356400FF235B001C40B8
:109210002819FFF769FB13E0A96AE309C9182800B8
:10922000FFF7D2FC002816D13835A400FE235B00DE
:109230001C402819FFF75DFB0001000900E0012038
:10924000F8BD0120FCE70120FAE701204042F7E7E2
:1092500001204042F4E701204042F1E7F0B5C64664
:1092600000B507000E000368984680239B039942CF
:109270003ED2CB0640D101618468002C1ED143460A
:109280001B78022B01D94346DC6A002C16D17309E6
:1092900042461289934231D24346DB6ABB617C610C
:1092A000BB69002B32D0720A9B18BB61434638332E
:1092B000F105C90D5B18FB6100201AE043465D898A
:1092C0006D02AE420ED321003800FFF75CFF0400B0
:1092D000431C15D0012815D94346DB69834213D9B5
:1092E000761BEEE721004046FFF71FFBB861D6E78B
:1092F000512080BCB846F0BD5120FAE75120F8E774
:109300005020F6E75120F4E75120F2E75120F0E732
:10931000F8B5CE46474680B505008946066800295F
:1093200007D13469002C10D0F369A3420ED8012470
:109330000CE0FFF728FF012800D874E0431C6CD034
:10934000F369834269D84C4600E001247069002823
:1093500063D04C4506D0002398464346002B37D1B6
:1093600027002CE0631C9846F369434501D802238B
:10937000984641462800FFF706FF01284DD0431CC0
:109380004BD00028E9D03369012B05D9F2699A4204
:1093900005D800239846E0E700239846DDE71C0047
:1093A00000239846D9E739002800FFF7ECFE002893
:1093B0000DD0012831D0431C2FD0A74237D0013720
:1093C000F369BB42EFD8012C2FD90227EBE7B8464F
:1093D0000122524241463000FFF73EFE002819D1DB
:1093E0004B46002B10D1002814D1434633617269DB
:1093F000F369023B9A4201D8013A72617379012202
:1094000013437371404608E0424649463000FFF777
:1094100023FEE8E7502804D00120C0BCB946B0467E
:10942000F8BD5138F9E70120F7E74046F5E7404637
:10943000F3E7F8B506000C0011000568012C2CD9E3
:10944000EB69A3422BD9002A09D0012252422800FD
:10945000FFF702FE002802D022E0A24220D9270016
:1094600021003000FFF78FFE041E1AD001281AD009
:10947000431C1AD0002239002800FFF7EDFD002818
:109480000ED16B69EA69911E8B42E6D201336B61A2
:109490006B7901210B436B71DFE7512000E0512014
:1094A000F8BD0020FCE75120FAE75020F8E7F0B5BE
:1094B000C64600B505000C00FFF761FB804600289A
:1094C00021D121002800FFF730FA060068632F0041
:1094D00038378022920000213800FDF7D3FA0024AB
:1094E00000E001346B89A34207D9A21968780123EF
:1094F000390003F0A3F90028F3D06B89A34204D00C
:109500005023984601E050239846404680BCB84618
:10951000F0BDF0B5CE4600B582B0040001910768F9
:109520000569203580239B039D4201D3002383617D
:10953000A369002B49D0EA05D60D002A11D10133C9
:10954000A3616169002907D16B093A89934208D365
:109550000023A361012009E06B0A7A89013A1A42CB
:1095600008D025613837B819E061002002B080BC0E
:10957000B946F0BD2000FFF706FE81460300012832
:1095800025D9013325D0FB69834216D8019B002BD6
:1095900002D1A3610120E9E761692000FFF7B8FE6D
:1095A0008146031E17D0012817D0013317D00100C0
:1095B0003800FFF77CFF002813D14B466361494612
:1095C0003800FFF7B2F9A061CBE70120CEE75120C8
:1095D000CCE75020CAE70420C8E75120C6E7502056
:1095E000C4E75020C2E7F8B504000D00066800216A
:1095F000FFF734FE002818D1002708E00137AF42FA
:1096000013D001212000FFF784FF00280DD1A169AC
:109610003000FFF7D9FA002807D1E3691B78E52B62
:10962000ECD0002BEAD00027EBE7012800D0F8BDF2
:109630000330FCE7F0B5D6464F464646C0B582B08B
:109640000500884603689A46FF239946FF260124B1
:1096500030E00F2B1AD1530606D54B7B9946402399
:109660009A432B69EB621600B24201D0FF261BE041
:109670004B7B4B4501D0FF2616E05346D868FFF7D9
:1096800087F9002836D0013EF6B20DE0002E04D155
:109690000800FFF70DFA48452FD001235B42EB622B
:1096A0002BE0FF2600E0FF2600212800FFF731FF16
:1096B000041E22D1A96900291FD05046FFF784FA61
:1096C000041E1AD1E9690A78002A15D0C87A3F2306
:1096D0000340AB71E52AE4D02E2AE4D020201F00FD
:1096E0008743380008380700784278414045B0D0B9
:1096F000FF26D9E7FF26D7E70124002C01D000235D
:10970000AB61200002B0E0BCBA46B146A846F0BD4D
:1097100070B5040005680669C16A4B1C19D10020A8
:10972000002815D1A1692800FFF74EFA00280DD1B5
:10973000E369E5221A7001232B712369B34205D234
:1097400000212000FFF7E5FE0028EBD0012803D020
:1097500070BDFFF783FDE3E75030F9E770B5040013
:109760000D004C220021FDF78DF9256070BD70B50C
:109770000D001400B621FF3101F06EFFFF2808D95B
:10978000012C01D8002070BD030A2B7068700220E4
:10979000F9E7002804D0002C04D028700120F2E75B
:1097A0000020F0E72000EEE7F8B5CE46474680B54A
:1097B00005000C000368994600238B758369002B14
:1097C00076D0C36A013330D00023984600260027A4
:1097D0000FE043461B04FF22921B31001031611839
:1097E00006311843FFF7C3FF002816D036180023B0
:1097F00098464B46DB687A00D05A00280ED00137D5
:109800004346002BE5D1A0239B01C3189BB28022C5
:1098100012019342DDD28046EBE706004346002B5F
:1098200000D00026A6190023B3750022002305E00E
:1098300009290ED0A018437201320B000A2B0FD851
:10984000E869591CC35C202BF7D0052BF0D1E0331D
:10985000EEE70B2AEED8A0182E2646720132E9E771
:10986000A31800215972A37D002B0DD1002A3BD1F2
:10987000511CA2183F339375611800238B75EB6957
:109880001B7B002B00D16372EB69DA7A3F23134014
:109890002372E8691C30FFF72CF82060E869163065
:1098A000FFF722F8E080E8691830FFF71DF8A08084
:1098B000C0BCB946B046F8BD102763189875013290
:1098C0000131A3185B7A002BD6D018002E2BF3D0D1
:1098D0001E00413EB6B2192EEFD8EE69367B3742F4
:1098E000EBD020331800E8E7082700210022E8E742
:1098F000F8B505000668771C34782000FFF711F8EA
:10990000002809D0B71C76783000FFF70CF8002843
:1099100011D02402A419A4B2002C02D120002F607F
:10992000F8BDB621FF31200001F0B8FE041EF5D1CC
:1099300001204042F4E701204042F1E7F0B5DE4665
:1099400057464E464546E0B585B0070089460B6848
:1099500003930368DD68002405E0FE2C00D974E160
:109960006300EE52013403A8FFF7C2FF431C00D18D
:1099700069E180235B02984203D36300020CEA5240
:10998000013486B21F2E0ED92F2E0CD05C2E0AD099
:109990007F2EE2D80004010CAE4803F0EFFC002853
:1099A000DBD0032048E11F2E17D804239846039BE1
:1099B0004A461360012C1ED0022C3CD1A64BE31862
:1099C0005B005B5B2E2B36D1A44BE3185B005B5B2B
:1099D0002E2B30D115E001330393039B1A782F2AE5
:1099E000F9D05C2AF7D01F2A02D900239846DEE777
:1099F00004239846DBE7984BE3185B005B5B2E2B58
:109A0000DAD16300EB1800221A80002304E0202141
:109A1000FA182032117001330A2B03D8A342F6D270
:109A20002E21F5E7FB1820332022414611431970FF
:109A3000002001E1013C002C07D0874BE3185B00BC
:109A4000EB5A202BF6D02E2BF4D06300EB1800221B
:109A50001A80002C00D1FAE0002600E001367300E5
:109A60005B5B202BFAD0002E01D12E2B06D10323D5
:109A700042461A43D3B2984600E0013C002C05D080
:109A8000754BE3185B005B5B2E2BF6D13800203062
:109A90000B222021FCF7F6FF08239A4600239B4661
:109AA0000093731C99467600AE5B002E36D0202EB4
:109AB00021D02E2E1DD0D34524D24C4522D07F2E2E
:109AC00060D8002E06D06648310003F057FC00280D
:109AD00000D187E0032342461A43D3B298465F265B
:109AE0005B46FB1820331E704E4601239C46E34420
:109AF000D7E79C42DFD0032342461A43D3B29846AD
:109B00004E46CEE753460B2B2CD04C4504D00323B6
:109B100042461A43D3B298464C4529D22023FB5CD7
:109B2000E52B77D05346082B78D00C23009A1340AE
:109B30000C2B78D003231340032B74D043469B0790
:109B400076D4009BDB0704D5102342461A43D3B2D8
:109B50009846009B5B076BD5082342461A43D3B255
:109B6000984665E0032342461A43D3B29846D5E7A8
:109B7000009B9B00DBB2009326000B239A46033B1D
:109B80009B468EE7022342461343DBB20193B62184
:109B9000FF31300001F060FD0600030606D57F238B
:109BA0000340304AD65C019B98468AE7FF2816D9C5
:109BB0005346013B5B450AD9000A5B46FB1820333C
:109BC000187001239C46E344019B984688E70323D1
:109BD00042461A43D3B298464E46D34661E7019BAC
:109BE00098466EE73300413B9BB2192B04D8022301
:109BF000009A1A43D3B200933300613B9BB2192BF6
:109C000000D96DE70123009A1A43D3B20093203E96
:109C1000B6B265E7C53B0522FA5483E7009B9B007B
:109C2000DBB2009381E7022342461A43D3B298463F
:109C30002B234246FA54002005B0F0BCBB46B24686
:109C4000A946A046F0BD0320F6E70320F4E7032071
:109C5000F2E7C04648F80010FFFFFF7FFEFFFF7FDE
:109C600054F8001080060110F0B5D646474680B57E
:109C700083B080460F0008001A30FEF735FE00283A
:109C800037D13A783F231340013B5E00F618B60007
:109C9000F6180124002505E000202BE01C4A904224
:109CA0002DD101350C2D18D81A4B585D3818FEF7F8
:109CB0001BFE0190002CF1D0FF2EEDD801F006FD27
:109CC0000400731C9A4676004346F05A01F0FEFCED
:109CD0008442E1D1019C5646E3E73B785B0610D510
:109CE000002C10D076004346F35A002B0DD10120F2
:109CF00000E0002003B0C0BCBA46B046F0BD002072
:109D0000F8E70120F6E70120F4E70020F2E7C0467B
:109D1000FFFF000000070110F8B5CE46474680B5AA
:109D20000500036898460021FFF798FA041E62D1E7
:109D300001235B42EB620133FF339946FF2709E0C1
:109D400001235B42EB62FF2700212800FFF7E1FBC4
:109D5000041E50D1A9694046FEF736FF041E4AD1C1
:109D6000EE693278002A45D0F17A3F230B40AB717F
:109D7000E52AE5D0090712D50F2BE1D12B23EB5CA7
:109D80005B06E1D4530606D5737B994640239A437C
:109D90002B69EB621700BA421BD0FF27D4E70F2BC9
:109DA000ECD0002F04D13000FEF782FE484522D0CF
:109DB0002B23EB5CDB0707D4290020310B2230007A
:109DC00003F056FA002816D001235B42EB62FF270E
:109DD000BAE7737B4B4501D0FF27B5E74346D86808
:109DE0003100FFF741FF002802D0013FFFB2ABE78F
:109DF000FF27A9E701242000C0BCB946B046F8BD42
:109E000070B582B00400019106680B782F2B06D044
:109E10005C2B04D0B369836009E001330193019B9B
:109E20001A782F2AF9D05C2AF7D00023A360019B6F
:109E30001B781F2B1BD82B238022E25400212000EB
:109E4000FFF70CFA050028E05B072BD5050024E09E
:109E50005B0729D4A379DB0628D531003831236983
:109E6000DB05DB0DC9183000FEF76BFDA06001A912
:109E70002000FFF763FD051E0FD12000FFF74CFF08
:109E80002B23E35C0028E3D0012809D19A06DBD517
:109E90005B07ECD52B238022E254280002B070BD72
:109EA0000500FAE70225F8E70500F6E70225F4E7E2
:109EB000F0B583B0050016001C000B22FCF7E8FD8E
:109EC000052C0ED807271AE001320F2A09D86300A3
:109ED00001240C401C194908DB03F5D51E4B5C40DE
:109EE000F2E731880029EDD002360022EDE77E1E30
:109EF0006B46DA55012F0DD00F290BD937000F23F0
:109F000023401A00303221002409392AEFD937338F
:109F10001A00ECE76B467E229A55002400E00134DB
:109F2000B44211D2285D20280ED0FEF7FAFC00289A
:109F3000F5D0BB1EA34207D00134F0E72022631CFA
:109F40002A55072B06D81C00072EF7D86B469A5DBA
:109F50000136F4E703B0F0BD21100100F0B5CE46A4
:109F6000474680B585B0060007682B23C45C3433B0
:109F700022009A4300D08FE0002500E00135FB6805
:109F80006A00D35A002BF9D1310020310C2201A8EC
:109F9000FCF77EFDE4071ED52B234022F25401245A
:109FA00000E00134632C0CD830002030FA68230024
:109FB00001A9FFF77DFF3000FFF7AEFE81460028C4
:109FC000EFD0642C00D16FE04B46012B66D101AB82
:109FD000DA7A2B23F25401ABDB7A9B0706D52800F3
:109FE0000C300D21FBF73EFE451C00E00125290049
:109FF0003000FFF7F8FA814600284FD16B1E9846D3
:10A00000012D1DD14B46002B48D1B1693800FEF718
:10A01000DBFD8146002841D1F06920220021FCF7B8
:10A0200031FDF069310020310B22FCF731FD2B238B
:10A03000F15CF269133B0B40137301233B712DE07C
:10A0400031695B01C91A3000FFF708F98146002821
:10A0500024D130002030FEF72BFD0500B169380017
:10A06000FEF7B2FD81460028CCD1F8684346DAB24B
:10A07000F1692B00FEF7D6FC01233B710021300073
:10A08000FFF747FA8146031EBCD1013B9C46E044E2
:10A090004346002BE2D1B5E703239946484605B075
:10A0A000C0BCB946B046F0BD04239946F6E70000AF
:10A0B00070B50400FEF763FD051E09D12378032B5C
:10A0C00008D060780022002102F0D6FB002832D1AF
:10A0D000280070BD6379012BF3D126003836802229
:10A0E000920000213000FCF7CDFC1449144BE0181D
:10A0F000FEF70BFC13493000FEF70BFC87239B0097
:10A10000E0181149FEF705FC616988239B00E018FF
:10A11000FEF7FFFB216989239B00E018FEF7F9FB9E
:10A12000626A0132626360780123310002F086FBCB
:10A1300000236371C5E75025CAE7C04655AA000051
:10A14000360200005252614172724161F0B5DE4642
:10A1500057464E464546E0B587B08246009101928B
:10A160009B4605AA012102F087FB002800D0ABE046
:10A17000059B08241D00002C09D021002800FBF7B6
:10A1800071FD534B984202D96400E4B2F3E7A8464C
:10A19000002C00D1FF348022920000215846FCF7A9
:10A1A00071FC5D46BF35FF353F2600239946534677
:10A1B0000293A2465B46039354E0444665E043465F
:10A1C0009C1B002C67D0280008303100FEF7A1FB53
:10A1D00028000C302100FEF79CFB019B2B713F21D6
:10A1E0003000FBF73FFD83465146FBF73BFD070080
:10A1F00051465846FBF736FDCBB29B463F21300017
:10A20000FBF730FDC9B20131C9B25B466B70BB08C8
:10A210003F229343DBB20B43AB70EF703619731ED2
:10A220009B463F211800FBF71DFD04005146FBF73C
:10A2300019FD070051462000FBF714FDCCB23F2169
:10A240005846FBF70FFDC9B20131C9B26C71BB08AA
:10A250003F229343DBB20B43AB71EF711035012307
:10A260009C46E1444B46032B15D8002E13D046459F
:10A2700011D24B469B00009AD458642C05D89CD030
:10A2800064214046FBF7EEFC44433319434596D81E
:10A29000B34296D293E7029B9A46039B9B461800D3
:10A2A000FF30FF300B49FEF730FB012300225946F7
:10A2B000504602F0C3FA002808D107B0F0BCBB46F4
:10A2C000B246A946A046F0BD5020F6E75020F4E77C
:10A2D0003EFC000055AA000030B585B00190009109
:10A2E0001400039103A8FEF7F3FB00281DDB104BBD
:10A2F0008200D158002902D00025D5500D70019B55
:10A30000002B07D05870019B00221A70084A800069
:10A3100001998150002C02D1200005B030BD0022EF
:10A3200001A96846FEF712FDF7E75420F5E7C0469D
:10A33000E00C0020F0B5DE4657464E464546E0B5F7
:10A3400091B0050001911600002800D1F6E03F27EA
:10A3500017403A0002A901A8FEF7F8FC041E09D034
:10A3600000232B60200011B0F0BCBB46B246A946CA
:10A37000A046F0BD029B0393019903A8FFF740FD9F
:10A38000041E04D103AA2B23D356002B47DB1C2326
:10A39000334254D0002C49D0012C42D008231F4313
:10A3A000FFB2002CDCD13B0757D50A98644B984686
:10A3B0000E301900FEF7ADFA0A9816304146FEF746
:10A3C000A8FA029B99460A9B9A4619004846FEF74E
:10A3D000B8FA804620235246D3720A990022484692
:10A3E000FEF7C2FA0A981C300021FEF792FA029B8F
:10A3F00001221A714246002A2FD05E6B002241468C
:10A4000003A8FFF716F8041EAAD102983100FEF740
:10A41000DBFB0400029B4246013A1A611DE0033453
:10A42000B5E703A8FFF79AFD0400B7E703AB9B79F4
:10A4300011221A4210D17607B3D5052490E7002CDB
:10A4400000D08DE703AB9B79DA0673D4B60704D549
:10A45000DB0702D5042483E70424002C00D07FE727
:10A460003B0702D540231F43FFB2029B9A465B6B1A
:10A470002B620A9B98466B6219005046FEF761FA00
:10A480000600A86040461C30FEF733FA8346E860B9
:10A4900053462B60DB88AB802F7400236B74EB6119
:10A4A0006B6128339946A9448022920000214846D6
:10A4B000FCF7E8FABF0639D55B46002B36D06B6156
:10A4C00053465B895B02984604E051245B46424652
:10A4D0009B1A9B46002C0CD1C3450AD93100280099
:10A4E000FEF751FE06000128EFD9431CEED150249F
:10A4F000ECE7AE61002C00D032E75B46DB0515D0FF
:10A50000029B984631001800FEF70FFA002801D18F
:10A51000512425E75B465A0A1218EA6143465878E7
:10A520000123494602F06CF9002805D1002C00D126
:10A5300018E715E7012413E7502411E7062411E773
:10A5400000002154F0B5DE4657464E464546E0B57C
:10A5500085B004000E0017009846002342461360A1
:10A5600003A9FEF7E3FA0190002822D1637C01934E
:10A57000002B1ED1237CDB0700D4B1E0E5686369C2
:10A58000ED1ABD4256D33D0054E0A1692000FEF70C
:10A59000FAFD60E05123637401930AE05023637471
:10A5A000019306E051236374019302E05023637426
:10A5B0000193019805B0F0BCBB46B246A946A0463F
:10A5C000F0BDE369DB1B4B4571D25B02F018210043
:10A5D000283180229200FCF75BFA68E0E26982424F
:10A5E0000DD01023E356002B64DB039B21002831A0
:10A5F000587801233A0002F003F900286CD1E76192
:10A600006369DB05DB0D8027BF00FF1ABD4200D266
:10A610002F0021002831C9183A003000FCF738FA21
:10A62000ED1B43461B68DB1942461360F61963694C
:10A63000DB196361002DBCD06369DA05E0D15A0AE9
:10A64000039949890139080010408346114207D116
:10A65000002B9AD1A06801289CD9431C9ED0A061F0
:10A66000039B9A46A1691800FEF75FF9002899D06C
:10A67000584407006B0A994680239B009D42ADD346
:10A680005B464B4452465289934202D95B46D31AE9
:10A690009946534658784B463A00310002F0B0F8DC
:10A6A000002800D082E71023E356002B89DB4B46BD
:10A6B0005F02B5E72100283153465878012302F0A4
:10A6C000BDF8002804D1227C7F23134023748CE73B
:10A6D0005023637401936CE750236374019368E71C
:10A6E0000423019365E7F0B5DE4657464E464546DE
:10A6F000E0B585B004000E001500984600234246E0
:10A70000136003A9FEF712FA019000286DD1637C53
:10A710000193002B69D1237C9B0700D4D4E06369AB
:10A720005A19934200D8A1E0DD439FE0A1692000BF
:10A73000FEF7EEFD002800D1C1E0012833D0431C14
:10A7400035D0A061A368002B00D1A0601023E35690
:10A75000002B30DB039B9A46A1691800FEF7E5F851
:10A7600000283BD0584407006B0A994680239B0081
:10A770009D424FD35B464B4452465289934202D985
:10A780005B46D31A9946534658784B463A003100F7
:10A7900002F054F8002825D1E169C91B49452CD3A2
:10A7A0004B465F0253E05123637401931DE0502335
:10A7B0006374019319E0039B21002831E269587802
:10A7C000012302F03BF8002804D1227C7F231340B0
:10A7D0002374BFE750236374019306E0512363742D
:10A7E000019302E0502363740193019805B0F0BC1B
:10A7F000BB46B246A946A046F0BD2000283049021B
:10A80000711880229200FCF743F9227C7F231340C9
:10A810002374C5E7E369834203D06269E3689A421F
:10A820003FD3E7616369DB05DB0D8027BF00FF1ABB
:10A83000BD4200D22F0020002830C0183A0031005D
:10A84000FCF726F9227C80235B4213432374ED1B23
:10A8500043461B68DB1942461360F6196369DB192E
:10A860006361E268934200D21300E360002D26D0BA
:10A870006369DA05D6D15A0A039949890139080072
:10A8800010408346114200D060E7002B00D04DE716
:10A89000A068002800D050E700212000FEF738FD16
:10A8A00048E7210028315346587801233A0001F047
:10A8B000A7FF0028B5D050236374019395E7237C4C
:10A8C00040221343237490E7042301938DE770B56E
:10A8D00082B004004368002B08DB85685E1CC31847
:10A8E00019733B2E04DC66600135A56002B070BDB3
:10A8F00001000C31006801AB3200FFF7F4FE019B50
:10A900009E4202D001267642EDE70026EBE710B525
:10A9100082B004004268002A0EDB01000C3100689E
:10A9200001ABFFF7E0FE002809D16268019B9A4263
:10A9300008D1A06802B010BD01204042FAE7012012
:10A940004042F7E701204042F4E7000030B583B011
:10A95000040001A9FEF7EAF800280BD1237C5A066F
:10A9600008D55BB2002B07DB216A0198FEF72CF9B2
:10A97000002810D003B030BD019B21002831E269CE
:10A980005878012301F05AFF002827D1227C7F2329
:10A9900013402374E8E7656AEB7A20221343EB72D5
:10A9A000A26820682900FDF7DFFFE16828001C305D
:10A9B000FDF7AFFF280016300949FDF7AAFF280070
:10A9C00012300021FDF7A1FF019801230371FFF769
:10A9D0006FFB237C402293432374CBE75020C9E7CD
:10A9E0000000215410B582B00400FFF7AFFF00282B
:10A9F00001D002B010BD01A92000FEF797F8002891
:10AA0000F7D100232360F4E730B591B00190002224
:10AA100002A901A8FEF79AF9041E02D0200011B085
:10AA200030BD029B0393019903A8FFF7E9F9041EC7
:10AA300012D103AA2B23D356002B0ADB03AB9B793D
:10AA4000DB060DD5029D0A992800FDF77AFFA86163
:10AA500002E0029B059A9A61012CDFD10224DDE716
:10AA60000224DBE7F0B5C64600B5D6B001908846B3
:10AA7000060000230370002248A901A8FEF766F92A
:10AA8000041E6AD1489B49939B694B93454611E04C
:10AA90005A1CAA4208D955244AE0013B013D0199BC
:10AAA00002AAD218927D4A55002BF6D1013D019B96
:10AAB0002F225A554B9F002F3AD0202149A8FEF74C
:10AAC000CDFB041E34D14F994898FEF77DF8041E43
:10AAD0002ED149AC50994898FDF733FF4B90002197
:10AAE0002000FEF7BBFB041E22D1002149A8FEF77F
:10AAF000A1FD041E0BD150994898FDF722FFB842E2
:10AB000005D0002149A8FEF704FD041EEDD0012C5C
:10AB10000DD0002C0CD102A949A8FEF745FE002358
:10AB200002AAD218927D002AB2D00133F8E751244C
:10AB3000002C12D1454517D0022D1AD90E4B1B7887
:10AB4000303333703A23737002362A00013501998D
:10AB50008A5C32700136A845F7D800233370200094
:10AB600056B080BCB846F0BD013D019B2F225A551E
:10AB7000E2E75524F1E7C0468831002010B584B0E3
:10AB8000041E01912ED0002203A901A8FEF7DEF8D1
:10AB9000002803D00023236004B010BD039B236072
:10ABA00001992000FFF72CF9002812D12B23E3563E
:10ABB000002B07DBA379DB0610D5E1690398FDF7CD
:10ABC000C0FEA060039BDB88A38000212000FEF76D
:10ABD00045FB012804D00028DED0DBE70220F8E79F
:10ABE0000220D7E70620D7E710B582B0040001A9FC
:10ABF000FDF79CFF002801D10023236002B010BDA7
:10AC000070B582B005000E0001A9FDF78FFF041E8C
:10AC10001AD1002E13D000212800FEF70BFD0128C9
:10AC200001D0002813D131002800FEF7BDFD00211E
:10AC30002800FEF76EFC012806D0040004E0002185
:10AC40002800FEF70BFB0400200002B070BD0400DA
:10AC5000FAE730B591B001900D00002203A901A8D8
:10AC6000FEF774F8041E02D0200011B030BD019927
:10AC700003A8FFF7C5F8041EF6D103AA2B23D35669
:10AC8000002B06DB002DEFD029001000FEF78CFD15
:10AC9000EAE70324E8E7F0B59FB0019002221DA97E
:10ACA00001A8FEF753F8041E02D020001FB0F0BD2B
:10ACB0001D9B1093019910A8FFF7A2F8041EF4D170
:10ACC00010AA2B23D35C9A063AD45BB2002B39DB53
:10ACD00010AB9D79EB0737D41D9F17993800FDF70E
:10ACE00030FE0600ED0614D5BB6983422ED003A8C2
:10ACF000039786600021FEF7B1FA041ED5D100212A
:10AD000003A8FEF797FC041E02D0012801D102E03F
:10AD10000424002CC9D110A8FEF7FAFC041EC4D1EB
:10AD2000002E06D1002CC0D11D98FFF7C1F90400F8
:10AD3000BBE70022310010A8FEF77BFB0400F1E71F
:10AD40000324B2E70324B0E70424AEE70424ACE70D
:10AD5000F0B595B00190022213A901A8FDF7F6FF06
:10AD6000041E02D0200015B0F0BD139B069301997C
:10AD700006A8FFF745F8031E0AD0012801D00400F9
:10AD8000F0E706A92B228A5C920602D50324E9E7A4
:10AD90000523012B01D01C00E4E7139B0293002143
:10ADA00002A8FEF7B5FA051E03D0012802D15124EE
:10ADB00002E004246B1C52D0002C05D00022290094
:10ADC00002A8FEF736FBCDE713982900FEF76FFBCC
:10ADD000041EF3D1139C200038300B222021FBF7F6
:10ADE00051FE2E263823E6540B331022E254200065
:10ADF0004E301C49FDF78DFD1398010038312A00B3
:10AE0000FDF7B2FD139C270058372100383120226E
:10AE10003800FBF73DFE5923E65406AE089A390088
:10AE20002000FDF7A1FD139B01221A713000FFF7EE
:10AE300095F8041EC2D1F06916300A49FDF769FD84
:10AE4000F16913982A00FDF78FFDF3691022DA7279
:10AE5000139801230371FFF72BF9040082E75024B4
:10AE6000ACE7C0460000215470B5A6B00190009137
:10AE70006846FDF72DFE022225A901A8FDF766FF11
:10AE8000041E02D0200026B070BD259B18930199A6
:10AE900018A8FEF7B5FF041EF4D118AA2B23D35C23
:10AEA0005F22934301D00324ECE718AD1F993F3A8A
:10AEB00003A8FBF7EDFD0BAC342229002000FBF7C3
:10AEC000E7FD00992000FEF79BFF041E0BD10D9AB1
:10AED0001A9B9A4201D0052407E00F9A1C9B9A42C4
:10AEE0000FD0053401E001280BD0002CCAD118A8DE
:10AEF000FEF70EFC041EC5D12598FFF7D9F8040013
:10AF0000C0E70BA8FFF72AF8041EBBD1129E300041
:10AF10000D30132219216944FBF7BAFD03ABDB7A2C
:10AF2000F372DA0602D420221343F372259D012323
:10AF30002B71F37ADB06D8D51A9A0D9B9A42D4D09E
:10AF400031002800FDF7FDFC01002800FDF7EDFCB5
:10AF5000011E01D1512495E72800FDF735FE0400BC
:10AF6000259801005831002C00D08BE75923C35C91
:10AF70002E2BBAD10D9AFDF7F7FC259B01221A71F1
:10AF8000B3E70000F0B5DE4657464E464546E0B50D
:10AF900093B00D900C00059204930DA8FDF798FD59
:10AFA000002800DA0AE3BA4B8200D358002B01D004
:10AFB00000221A70C5B2280001F01FFCC30700D59B
:10AFC000FEE2400700D503E3002C22D06368119312
:10AFD000002B20D0119B5A1E802109028A4201D2E7
:10AFE0001A4201D00123119326786278531EDBB2F6
:10AFF000012B16D901230293A16808914A1E8023D0
:10B000001B029A420FD20B0710D080239B0008939B
:10B010000CE0A04CDAE711AA0321280001F02CFC77
:10B02000D8E70292E8E780239B000893E468802336
:10B030005B049C4204D8631E234202D0002400E03B
:10B040000024630A0193049A530A099380239B0006
:10B050009A4200D2BEE2059B002B00D1BCE2002345
:10B06000109310AA0121280001F006FC002800D04E
:10B07000B4E208231A0032400B92334207D1109BEE
:10B080003F2B1CD93F3B10933F23069301E0002345
:10B090000693109B99467F2B00D8A1E281235B0287
:10B0A0009C4201D38023019302231A0032400A926A
:10B0B000334207D0F6077FD401339B4607E00023D5
:10B0C0000693E6E7F60700D48CE202239B46724B18
:10B0D0004B440C93AA465B46032B75D0019B002B77
:10B0E00000D199E0019E31004846FAF7BBFD6B4B59
:10B0F000984200D8A0E002304400694B9C4664446A
:10B10000640A089B5B015B0A039301239846069B34
:10B1100043440793029F67439C466744039B9C46B6
:10B120006744119DEB19013B6D421D40ED1B5B46D1
:10B13000032B00D188E002992800FAF793FD00293B
:10B1400006D0013D01239C46E044079B0133079351
:10B1500002992800FAF786FD24183301DB19069AB4
:10B160009B1A994500D241E24B464246981A029BEF
:10B170006343C01A039BC01A3100FAF773FD5B46A4
:10B18000032B68D05B46022B00D097E0454B9842DA
:10B190006FD9019B002B02D17300402B0FD90A9B62
:10B1A000002B0ED1019B002B00D023E273000193F2
:10B1B000802B90D9092004E202239B4687E7019364
:10B1C00089E703239B4686E7019B002B15D0019E50
:10B1D00031004846FAF746FD8400334B9C466444F0
:10B1E000640A324B9C466044314B984200D9FBE1E3
:10B1F000002303932033984689E74B46580C019A65
:10B20000012601E0013276002A4B5100CB5A002B77
:10B21000DED08342F6D9DBE74B46180B019A0126B4
:10B2200001E001327600244B5100CB5A002B00D1B3
:10B2300059E78342F5D956E74400241801346408DD
:10B24000033401239B4658E7A844079B9C46AC4423
:10B250006346079381E7134B984293D8019B002BD9
:10B2600000D0C5E173080193012E00D933E709200E
:10B27000A7E10A4B984221D8019B002B00D0BBE1EB
:10B2800073000193802B00D825E7092099E1C0467F
:10B29000E00C00207006011000002154F50F0000A2
:10B2A000FF010000F5FF0000070200000A00FFFF99
:10B2B000FFFFFE0F6006011050060110474655467D
:10B2C000079B9A4601905B46012B03D1CF4B9842D6
:10B2D00000D993E180239B0098461A000021059B2A
:10B2E00099461800FBF7CEFBC9490B224846FBF7ED
:10B2F000CFFB41464B46059318000B30FDF705FB8D
:10B30000059B5E73B9B21F0018000E30FDF7FDFA01
:10B31000029B3B74380011305B46032B70D06B46A8
:10B32000198CFDF7F2FA109980235B02994269D2D9
:10B3300089B205981330FDF7E8FAF823059F7B756D
:10B34000380018303F21FDF7E0FAFF2138001A30AD
:10B35000FDF7DBFA1C3738000699FDF7DAFA5B4691
:10B36000032B54D00C99059F38002730FDF7D1FAF4
:10B37000A1B238001630FDF7C8FA24238022FA540F
:10B380000233573AFA54A349163A2B373800FBF7E1
:10B390007FFB059F3B00FF22520094466344984682
:10B3A0009D491800FDF7B1FA0123069A39002800DB
:10B3B00001F044FA002800D022E15B46032B4DD077
:10B3C000049B5A0A520200210598FBF75BFB0023FD
:10B3D0009846574604960194AA46099B9946059DAE
:10B3E000029B984500D39EE05B46032B6ED0012B59
:10B3F0007CD0082149422800FDF78BFA019C89E0A6
:10B4000000218EE705982030FDF783FA95E70C9927
:10B41000059F38004330FDF77CFA380024302100C6
:10B42000FDF777FA38002C300221FDF772FA380068
:10B4300030300121FDF769FA062138003230FDF77E
:10B4400064FA402380223800FA540233573AFA54FF
:10B450007249163A4730FBF71BFB9AE7069B9A1D89
:10B460000123059F3900280001F0E8F980229200AD
:10B4700000213800FBF706FB69493800FDF749FA5F
:10B480003800E530FF306749FDF743FA019901398B
:10B490003800E930FF30FDF73CFA3800ED30FF307E
:10B4A0000221FDF736FA5C494046FDF72EFA069B6D
:10B4B000DA1D01233900280001F0C0F9069B5A1C4F
:10B4C00001233900280001F0B9F979E70821494240
:10B4D0002800FDF71EFA0121281D4942FDF719FA3F
:10B4E000280008305049FDF714FA87E74F4982E7F2
:10B4F00033003A002900504601F0A0F9002800D09E
:10B5000080E08022920000212800FBF7BBFABF19DF
:10B51000A41B04D026004C45EAD94E46E8E7012397
:10B520009C46E0445CE7049E55465B46032B05D0F1
:10B53000039CA846099D059B994610E03400A84647
:10B54000099D059B99460AE033003A00494640466A
:10B5500001F074F9002857D1BF19A41B04D02600AC
:10B56000AC42F1D92E00EFE745465B46032B0BD0EA
:10B57000109A80235B029A421ED25B46022B01D0B6
:10B58000012202E0042200E00C220B9B002B0AD1D6
:10B590000EA9109B0E9300234B60059B2800FEF71D
:10B5A000D5FD00280DD100221100280001F064F91A
:10B5B000002806D0502004E00622E6E7542000E0F0
:10B5C000522013B0F0BCBB46B246A946A046F0BD1F
:10B5D0005320F6E75520F4E75520F2E75020F0E736
:10B5E0000920EEE75620ECE70920EAE70920E8E722
:10B5F0000920E6E70920E4E70920E2E70920E0E77F
:10B600005020DEE75020DCE75020DAE7F50F00009D
:10B610005CF800107CF8001055AA000068F80010D3
:10B620005252614172724161FFFFFF0FF8FFFF004C
:10B6300010B594B0040001A8FEF790F803E00134BF
:10B6400001A8FFF744F921780029F8D101A8FFF7F4
:10B650005EF914B010BD00007F2801D880B2704799
:10B6600080235B02984215D2B623FF3399420FD054
:10B670000020F4E701339BB27F2B04D85A0006491F
:10B680008A5A8242F6D180331800FF231840E6E739
:10B690000023F1E70020E2E7E40901107F2804D944
:10B6A000B623FF33994201D000207047FF2806D807
:10B6B000044B9C4660444000034B185AF5E70020B9
:10B6C000F3E7C04680FFFF7FE4090110F0B5802357
:10B6D0005B02984227D286B280235B019E4201D250
:10B6E000204B02E0204B00E02B001A88002A19D0E2
:10B6F000964217D31D1D59880C0AFF230B400104E5
:10B70000090C9F18B94204DB002CEDD15B00EB184B
:10B71000EBE7082C06D8A400144B1B599F46891A46
:10B7200049006E5A3000F0BDB21A01231340F61AD8
:10B73000B6B2F7E7103EB6B2F4E7203EB6B2F1E794
:10B74000303EB6B2EEE71A3EB6B2EBE70836B6B216
:10B75000E8E7503EB6B2E5E7054B9C466644B6B214
:10B76000E0E7C046F0070110340701101007011090
:10B77000A0E3FFFF70B5C3681A8C951C5C8CA542D2
:10B780000BDADC69A1541A8C013292B21A84DB699B
:10B790009B1800221A700368984770BD0A280CD0C5
:10B7A00005D90D280FD07F280FD17E380CE008284E
:10B7B00005D0092805D1083806E0012004E0012061
:10B7C00002E0002000E0012070470020FCE7203864
:10B7D000C3B200205E229A424041C0B27047C38883
:10B7E00081888B4202D35B1A98B270470289521A41
:10B7F00092B29B1898B2F8E770B504008088E3888D
:10B80000984209D023681D5C013080B22189FAF783
:10B8100029FAA180280070BD0025FBE770B504005F
:10B820000D00C688701C80B22189FAF71BFA89B214
:10B83000A2888A4204D022689555E180012070BD1B
:10B840000020FCE710B5021E15D0002915D00123F9
:10B85000002001E0013080B28B4208D0145C002C43
:10B86000F8D101339BB214186478002CF2D1135C28
:10B87000002B04D010BD0348FCE70248FAE701485A
:10B88000F8E7C046FFFF00000138024B00221A54BF
:10B890000120704770100020F8B505000F00080067
:10B8A00001F040FE0600002404E02B68395D28000A
:10B8B00098470134B442F8D3F8BD000070B50400D5
:10B8C0000D000849FFF7E8FF29002000FFF7E4FF1B
:10B8D00005492000FFF7E0FF04492000FFF7DCFFE7
:10B8E00070BDC04690F80010A4F8001004FA0010D3
:10B8F000F8B50500C7683E8E386801F013FE3618AB
:10B900002B680D2128009847002404E02B68202193
:10B91000280098470134B442F8D32B680D21280041
:10B92000984700233B86F8BDF0B5D6464F4680B514
:10B9300083B007000C009146002303608380C3801E
:10B94000100001F0EFFD0600E3689A469B8D002B86
:10B950004ED000284CD000241EE00123002B1AD02A
:10B9600053469A6A009BD35C01210B4300995354C0
:10B97000FB88002B02D0BA88824201D9019ABA8092
:10B9800001339BB2FB80012B04D053461B8C25E076
:10B990000023E3E73D60013453469B8DA34227DD3E
:10B9A00053465A6A0094A3001B199B00D5582800DF
:10B9B00001F0B8FD019053469A6A135D01218B4353
:10B9C00013558642E7D80023B342C6D24A46D15C1B
:10B9D000EA5C9142DCD10133F6E70133BA889A423E
:10B9E000D9D93A68D15CEA5C9142F6D0BB80D2E703
:10B9F000380003B0C0BCBA46B146F0BDF0B5C6468B
:10BA000000B582B00400C368984633234246D35C35
:10BA10009B0603D402B080BCB846F0BDD2696D4627
:10BA200001006846FFF780FFEB88002B02D14346F8
:10BA30001A8CAA8043461E8C05E02368009A915D0B
:10BA40002000984701366B469F883D00B742F4D8E6
:10BA500004E02368202120009847013543461B8ECF
:10BA6000AB42F6D843461F8623680D212000984735
:10BA7000434619682000FFF70FFF4346D9692000AD
:10BA8000FFF70AFFC6E70000F0B583B00600C46800
:10BA9000E2696D4601006846FFF746FFED88002D1C
:10BAA0001DD0012D04D06B469A88238C9A421FD951
:10BAB000E06900996B469F883A00FAF7E9FF012D8B
:10BAC0000FD0E3696A4695885B1900221A70E16914
:10BAD000238CC9183000FFF7DFFE2584258603B0CC
:10BAE000F0BDE3692022DA5501376B469F80E8E715
:10BAF0003000FFF7FDFE002500E00135A38DAB42CD
:10BB000010DDA36A5B5DDB07F7D5626AAB005B19EA
:10BB10009B00D1583000FFF7BFFE08493000FFF707
:10BB2000BBFEEAE721683000FFF7B6FEE1693000AE
:10BB3000FFF7B2FE238C2386D1E7C04604FA00103B
:10BB400070B582B004000E684B681B7B002B3AD1A5
:10BB5000214B1A00103A190018392048FCF7ACFAAA
:10BB6000717B2000F7F744FD0500717B2000F7F79B
:10BB70004BFD010080204003FAF774F80100280013
:10BB8000FAF770F80100164B1800FCF795FA631EDF
:10BB9000DBB201A9134A1088088092788A702F348A
:10BBA0000C70D800C018C000C01AC0000E4BC018DE
:10BBB0000122FEF791FB00280AD101A8FEF724FF1D
:10BBC000012002B070BD0948FCF746FA0020F8E7F2
:10BBD0000748FCF741FAF0E7702F0020E8F8001062
:10BBE00000F9001008F7001008240020D8F8001011
:10BBF00014F9001010B5040004E0012000214042B7
:10BC0000F6F72EFB024B1B5D002BF6D110BDC04694
:10BC10007010002010B50800FCF710FA10BD0000ED
:10BC200006484023038043804033838000238360A1
:10BC300083810833C380073B83737047B41F0020A0
:10BC4000C288013292B2038803339B0841880331D2
:10BC500089085B18818803318908581893009B185C
:10BC6000C0180332920880181130800080B27047EB
:10BC700010B5C46820001030FFF7D0FD002804D1B3
:10BC80003322A35C01210B43A35410BD84B070B5D3
:10BC900005AC059106920793C168888DCB8D9842BB
:10BCA00012D04A6A83001B189B00D218230070CB65
:10BCB00070C2100014CB14C08B8D01338B85012012
:10BCC00070BC08BC04B018470020F9E770B588B014
:10BCD00003AC084B220062CB62C222CB22C206AB6D
:10BCE0006A4622CB22C20399049A059BFFF7CEFF36
:10BCF00008B070BDF00A011070B50400C5880135A8
:10BD0000ADB2FFF79DFF0200A668002E3FD0A189CB
:10BD100088423ED800213000FAF7B4FE33001033D9
:10BD2000F360320044321A612188033103208143D9
:10BD30005218DA6161880331814352185A62A900AE
:10BD4000491989000331814352189A6203358543AA
:10BD500052195A60A2881A81A27B002A04D033218A
:10BD60005A5C202002435A5422881A8300229A8265
:10BD7000DA82618859849A85E2880132DA85002165
:10BD800032229954044A1A603000FFF79FFF3000B6
:10BD900070BD0026FBE7C04624F90010F8B5CE467A
:10BDA000474680B5071E36D000250026002398465A
:10BDB000994611E001234A465A40D3B29946002ED3
:10BDC0000ADDBB19013B1B78002B05D0002401E0E4
:10BDD00000239846BC5501367C5D002C15D00135FA
:10BDE0004346002BF4D15C2C0CD0222CE2D04B46E5
:10BDF000002BEFD10A48210001F0C0FA0028DED163
:10BE0000C846E7E701239846E6E7BA19002313700E
:10BE10000136BF193B70C0BCB946B046F8BDC0463C
:10BE200018E2001010B50400FFF70CFD034B984218
:10BE300001D0201810BD0020FCE7C046FFFF000025
:10BE400010B5002906D003898B4205D30068FFF79F
:10BE5000E9FF10BD0020FCE70020FAE7F0B5C64678
:10BE600000B505000E00C468A389002B32D000295C
:10BE700033D0628993422DD02800FFF739FD216825
:10BE80002800FFF709FD002E2BD063890133638161
:10BE90006189201DFFF7D4FF071E26D0380001F06E
:10BEA00041FB060083B29846E0693604360C320046
:10BEB0003900FAF7EDFDE3699B1900221A70434639
:10BEC0002384E1692800FFF7E7FC238C2386280000
:10BED000FFF794FD80BCB846F0BD6389002BCBD141
:10BEE000F8E76389013B6381D2E7014FD6E7C0469B
:10BEF00050E4001070B5C2680B00403BDBB23E2B33
:10BF000009D83324135D0825AB4313550B00413B7F
:10BF1000DBB2012B00D970BD41394B425941C9B246
:10BF2000FFF79CFFF7E7000010B50400FFF78AFC5D
:10BF3000034B984201D0201810BD0020FCE7C046FA
:10BF4000FFFF0000F0B5C64600B50700884600298F
:10BF500028D00689002E25D0012401E00134A4B2A6
:10BF6000A6420AD338682100FFF7DEFF05004146EC
:10BF700001F094FA0028F1D100E00025002D11D045
:10BF8000013EB6B23E810136B4420BD0280001F02A
:10BF9000C9FABA88013029183B68CB1AD21A28008E
:10BFA00001F08AF980BCB846F0BDF0B5C64600B5D0
:10BFB00005008846080001F0B5FAAB88471CBB4273
:10BFC00003D2002080BCB846F0BD41462800FFF7F0
:10BFD000B9FF2E89002E11D031002800FFF730FF65
:10BFE000040001F09FFA2B68E41A24180134AB888E
:10BFF0001B1B9F4202D9013E2E81EAE7002E09D188
:10C0000028683A004146FAF743FD2B8901332B811A
:10C010000120D7E72968C819220001F04DF9EFE7A0
:10C02000F0B5D6464F464646C0B582B08146C46894
:10C03000002300E00133228C9A4205DDE269D25CE4
:10C04000202AF7D0002500E00125002D05D002B000
:10C05000E0BCBA46B146A846F0BDE169201DFFF735
:10C06000A4FF002300229046924607E04246002AA1
:10C0700016D05246002A00D001250133228C9A4264
:10C0800012DDE269D118D25C202AEFD05246002A94
:10C0900008D04246002AF0D1002DEED08846ECE7C9
:10C0A0000A70E6E78A46E8E7E36901329B18002256
:10C0B0001A705346002BCAD00027A38DBB4227DD40
:10C0C000666ABD00ED19AD0076193168504601F081
:10C0D000E5F9002801D00137EFE73369002B17D0CD
:10C0E000337A002B10D13327E35D10221343E3553D
:10C0F000636A5B191D69DA6841464846A847E35DF3
:10C1000010229343E355A2E74046FFF747FEEAE7D4
:10C110004B465B68002B12D069465346009343465A
:10C1200001933325635D1022134363554B465B68CF
:10C1300048469847635D10229343635587E751460D
:10C140004846FFF7BBFB82E770B50400C5683223A1
:10C15000EB5C0D2B0FD00A2B10D00D2911D00A2922
:10C160000FD0082927D07F2925D009291ED12000EA
:10C17000FFF78AFC1AE00A29EDD117E00D29EED16C
:10C1800014E02000FFF780FC17492000FFF784FB34
:10C190002B8C002B0BD100232B84EA69002111701A
:10C1A0002B866B8129682000FFF776FB70BD20008D
:10C1B000FFF736FFEFE72B8C002BD6D02368082142
:10C1C00020009847236820212000984723680821F1
:10C1D000200098472B8C013B9BB22B84EA69D31833
:10C1E00000221A70E2E7C04604FA001070B506009B
:10C1F0000368002B51D0C5683323EB5C9A070FD43A
:10C20000022213433322AB542968FFF745FB07E0B2
:10C210003000FFF76FFE3000FFF7F0FB3223EC54E5
:10C220002C0010342000FFF7DAFA002827D0200075
:10C23000FFF7E2FA040001003323EB5C1A07E7D4AE
:10C240003222AA5C1B2A0ED02000FFF7A7FA002892
:10C2500010D12000FFF7BBFA0028DCD0210030000D
:10C26000FFF788FAD7E75B28EED108221343332281
:10C27000AB54D0E721003000FFF766FFCBE7332354
:10C28000EB5CDB0709D500232B84EB6900221A70D5
:10C290003322AB5C01218B43AB5470BD011E10D027
:10C2A0000378002B0FD00120002300E00133CA5C8B
:10C2B000002AFBD1CA185278002A05D0013080B27A
:10C2C000F4E7002000E0002070470000F8B5CE46FB
:10C2D000474680B505000C00C768BE8D002E12D001
:10C2E0000800FFF7DBFF00283DD001283DD0404982
:10C2F0002800FFF7D1FA3F492800FFF7CDFAC0BC6C
:10C30000B946B046F8BD3C49FFF7C6FA394928009E
:10C31000FFF7C2FAF3E70136BB8DB342EFDD3749D1
:10C320002800FFF7B9FA7B6AB400A419A4001959D0
:10C330002800FFF7B1FA2F492800FFF7ADFA7B6A12
:10C340001B195B68002BE6D02B6809212800984751
:10C350007B6A1B1959682800FFF79EFA25492800B7
:10C36000FFF79AFAD7E70026D6E701212000FFF76A
:10C3700059FD80460024A64235DD7A6AA3001B19C8
:10C380009B00914699444B461868414601F086F857
:10C39000002801D00134EEE74B465C68002C19D030
:10C3A00016492800FFF778FA41462800FFF774FA8B
:10C3B000104E31002800FFF76FFA2B680921280082
:10C3C000984721002800FFF767FA31002800FFF79F
:10C3D00063FA94E708492800FFF75EFA0549280048
:10C3E000FFF75AFA8BE741462800FFF767FA86E71E
:10C3F00044F9001004FA001028F9001040F9001068
:10C40000F0B5254CA5440F000800FFF747FF061EB6
:10C4100001D000250CE02148FBF71EFE204B9D4477
:10C42000F0BD20482100FBF747FE82A8FEF7DAFAAC
:10C43000B542F3D20135ADB229003800FFF7F2FC66
:10C4400004000122010082A8FDF774FF0028E8D152
:10C4500000230193802201AB920002A982A8FEF77B
:10C4600071F80028E1D1019B002BDED0002402E00E
:10C47000FBF7E4FD0134019BA342EBD902AB185D4D
:10C48000094B1B5C682219009143F1D19B06EFD444
:10C490002E20FBF7D3FDEDE7CCFBFFFF74F9001076
:10C4A0003404000088F90010A50B011010B50C0031
:10C4B0000800FFF7F3FE012803D00748FBF7CCFD87
:10C4C00010BD2000FEF7A0FA0028F9D00348210093
:10C4D000FBF7F2FDF4E7C04674F9001088F900108C
:10C4E00030B52A4CA5440C000800FFF7D7FE0228FF
:10C4F00005D02748FBF7B0FD264B9D4430BD0121F8
:10C500002000FFF78FFC050002212000FFF78AFCC6
:10C51000040001222900FFA83430FDF70BFF00289A
:10C520002AD10A22210082A8FDF704FF002828D181
:10C530000023009380226B46920002A9FFA83430AA
:10C54000FEF700F800280FD1009A002A0CD0002333
:10C55000019301AB02A982A8FEF7C5F80028E9D033
:10C560000D482100FBF7A8FDFFA83430FEF73AFA8A
:10C5700082A8FEF737FABFE708482900FBF79CFDC1
:10C58000BAE707482100FBF797FDB5E7A4F9FFFFDD
:10C5900074F900105C060000F0F90010A8F9001012
:10C5A000D8F9001010B5D4B00C000800FFF776FEE3
:10C5B00001281ED8002800D11E4C210047A8FEF7F4
:10C5C000DDFA002819D101A947A8FEF719FB0028B8
:10C5D0002BD101AB9B7D002B27D02E2BF3D001ABB1
:10C5E0001B7ADB060ED514481A216944FBF764FD5B
:10C5F000E9E71248FBF730FD1AE011482100FBF78C
:10C600005BFD15E00F481A216944FBF755FD0199C0
:10C610008023DB00994203D20B48FBF74DFDD2E7A4
:10C62000890A0A48FBF748FDCDE747A8FEF7DCFA80
:10C6300054B010BDA0FC001038FA001074F90010BE
:10C6400008FA001040FA001048FA001050FA0010E2
:10C6500000B5C1B00800FFF721FE00280BD18021F2
:10C6600049006846FEF7FEF9002808D16846FBF746
:10C67000F3FC41B000BD0448FBF7EEFCF9E70348CA
:10C68000FBF7EAFCF2E7C04674F900105CFA001010
:10C6900010B50C000800FFF701FE012803D0074881
:10C6A000FBF7DAFC10BD2000FEF752FB0028F9D0A2
:10C6B00003482100FBF700FDF4E7C04674F90010C1
:10C6C00084FA001070B50C000800FFF7E7FD02289F
:10C6D00003D00D48FBF7C0FC70BD01212000FFF71F
:10C6E000A1FB050002212000FFF79CFB04000100D4
:10C6F0002800FEF7B9FB0028EED0044822002900EC
:10C70000FBF7DAFCE8E7C04674F90010A8FA00105D
:10C71000F8B50F000800FFF7C1FD061E12D0002477
:10C72000B44212D20134A4B221003800FFF77AFBE0
:10C730000500FEF7B0FA0028F2D004482900FBF704
:10C74000BBFCEDE70248FBF787FCF8BDC0FA001020
:10C7500074F9001010B50B4B1B68002B11D0F8F7C3
:10C76000B7FE002807DC0CE0C1B2064B1868FFF7E3
:10C770007FFAF8F7ADFE0028F6DC024B1868FFF7E9
:10C7800035FD10BD6C10002010B582B004000648C5
:10C79000FBF762FC054B064A002100912000F6F7EA
:10C7A000C5FF02B010BDC046F0FA001041BB00103A
:10C7B000502F002010B582B004000848FBF74CFC55
:10C7C00001A9074B1A880A809B788B702F340C7054
:10C7D00000220020FDF780FD02B010BD14FB001008
:10C7E00008F7001010B50130C0B2F6F719FF0028A5
:10C7F00001D0002010BD0220FCE70020704700009F
:10C8000070B584B004000130C0B20A4D01262E5527
:10C8100000250295084D01959BB2009313000A0074
:10C820000021F7F7BBF82000FFF7E4F9002004B07F
:10C8300070BDC0467010002089B8001070B584B07B
:10C8400004000130C0B20A4D01262E550025029584
:10C85000084D01959BB2009313000A000021F7F7E1
:10C8600003F92000FFF7C6F9002004B070BDC046F0
:10C870007010002089B8001010B514000130C0B24B
:10C88000022916D00DD8002919D0012907D100217D
:10C89000F6F7AEFE0004000C2060002010BD04205E
:10C8A000FCE7032903D1012313600020F6E70420ED
:10C8B000F4E70021F6F7A8FE20800020EEE708004C
:10C8C000ECE70000F0B5ABB0FFF7AAF90400654B48
:10C8D00083608025AD008581102303803033438041
:10C8E000203B8380183BC380FFF7AAF9A84200D9F8
:10C8F000A8E02000FFF700FA5B4B1860002800D189
:10C90000A8E05A4B036002AD594C230014332A00AF
:10C91000C2CBC2C242CB42C205AB6A4642CB42C284
:10C920000299039A049BFFF7B1F94F4D2B689C467F
:10C9300007AE23002833320083CB83C282CB82C26E
:10C940000AAB6A4682CB82C20799089A099B604665
:10C95000FFF79CF92B689C460CAE23003C33320059
:10C9600083CB83C282CB82C20FAB6A4682CB82C2A8
:10C970000C990D9A0E9B6046FFF788F92B689C4630
:10C9800011AE23005033320083CB83C282CB82C2EC
:10C9900014AB6A4682CB82C21199129A139B6046ED
:10C9A000FFF774F92B689C4616AE230064333200FF
:10C9B00083CB83C282CB82C219AB6A4682CB82C24E
:10C9C0001699179A189B6046FFF760F928681BAE06
:10C9D00023007833320092CB92C212CB12C21EAB2C
:10C9E0006A4612CB12C21B991C9A1D9BFFF74EF987
:10C9F0002B689C4620AE1F4C23000C33320083CBA7
:10CA000083C282CB82C223AB6A4682CB82C2209988
:10CA1000219A229B6046FFF739F9286825AD23004B
:10CA200020332A0052CB52C212CB12C228AB6A4624
:10CA300012CB12C22599269A279BFFF727F90120CE
:10CA40002BB0F0BD99220C490C485200FBF734FB87
:10CA50000020F5E7362208490848FF32FBF72CFB97
:10CA60000020EDE7841D00206C10002015BC001094
:10CA7000F00A0110700B0110E40A011058E00010D8
:10CA800010B5002303E0084A0021D1540133032BE1
:10CA9000F9D9064B1B689868002100F009FBFFF7E5
:10CAA00011FF012010BDC04670100020000A0020B8
:10CAB00010B5034B0100186800F004F810BDC04623
:10CAC000000A0020F0B54E464546DE465746E0B522
:10CAD0000D000B35060085B0162D21D8102900D980
:10CAE000D4E000F0D5FA102518230221CA4FFB1814
:10CAF0001A005C68083A944200D186E10322636818
:10CB0000A1689343E268CA6091600121E3185A6802
:10CB100030000A435A6000F0C3FA20000830B8E041
:10CB200007239D4300D5B1E0A94200D9AEE000F053
:10CB3000AFFAFC235B009D4200D2E0E1690A00D11C
:10CB4000AEE0042900D9A1E138239846A909884418
:10CB50003931CB00082252429446AF4FFB189C4417
:10CB60006346DC68A44514D0032399460B00614654
:10CB70009C4607E0E068002A00DB40E1814200D1EA
:10CB800041E104004A46636893435A1B0F2AF1DDD2
:10CB900041463A003C690832944200D11EE103202C
:10CBA00063688343581B0F2800DDACE13A617A616A
:10CBB0000028AADA7A68904680229200934200D335
:10CBC00036E1DA085809012383404046184380467D
:10CBD000D300DB199A687860E360A2609C60D4603F
:10CBE00001208B109840404562D8434603420AD149
:10CBF00003239943434640000431034203D14000DC
:10CC000004310342FBD00323B3469C460E00B846D2
:10CC10000190F00040440100B246CB680BE064464E
:10CC20005A681F00A243DB68541B0F2C00DD39E15A
:10CC3000002C00DB53E19942F1D101239946CA440B
:10CC4000534608319B07E8D1032205E00368083802
:10CC5000013E834200D013E23242F7D14346019AAB
:10CC60005B68934342465360019A520001929A4294
:10CC70001CD8002A06D119E004229146019ACA4420
:10CC8000520001921342F7D05646C2E70C2333609C
:10CC9000002005B0F0BCBB46B246A946A046F0BD98
:10CCA00080233F22402190469B0053E75E46474643
:10CCB0000322BC68636893439846AB4203D35B1B73
:10CCC0000F2B00DD8DE0230043440293534B0820DB
:10CCD0001B6810335B19019300F0D2FB504903909D
:10CCE0000B688A46013306D08446019B4242013BD1
:10CCF0006344134001933000019900F0A1FB03004D
:10CD00008146013300D11CE1029B834200D916E128
:10CD1000444B02989B461A68019B59469C466244C4
:10CD20000A6003990139484500D157E153461B6811
:10CD3000013300D15EE14B4602981B1A9B185A46FC
:10CD4000136007234A4648461A400292184200D10F
:10CD500015E10398013384469B1A019A99444A4489
:10CD6000019263440A409B1A194030008A4600F041
:10CD700067FB431C00D158E14B46C01A03005344E3
:10CD800001935B461A68012052441A604B4649469B
:10CD9000BB60019B03434B60BC4213D043460F2B47
:10CDA00000D82BE107210C3B8B4361680140052033
:10CDB00019436160E118486088600F2B00D93FE19A
:10CDC0004B465B6818490868904200D20A601749D0
:10CDD0000868904200D20A604C46B4E07B689846EE
:10CDE000FEE60122290013431143651961603000FA
:10CDF000BD606B6000F054F92000083049E7A2687C
:10CE0000D060826081E66146C3E6DC680231A342FD
:10CE100000D1BEE672E6C046F8050020280F0020CB
:10CE2000EC050020F80E0020200F0020240F002029
:10CE30005A0A042A7CD9142A00D9B0E010005B30C9
:10CE400082465C32D200082040428446BA1894449C
:10CE5000624692680B308146944500D186E0080016
:10CE6000A2466146844602E09268914204D04C4654
:10CE70005068A0439842F7D8D368614654469C4610
:10CE80006346A260E3609C60D460A9E6142967D978
:10CE9000542900D98CE06E239846290B88446F31C1
:10CEA000CB0057E6BA46012051468446491905434E
:10CEB00050464560856847466046EB605E469D602B
:10CEC000534639617961204308374860CF603000AC
:10CED0008F609C5000F0E4F850460830D9E6BA461E
:10CEE00001205E465244516801435160BA683000E7
:10CEF000D3609A6000F0D4F838000830C9E62B00FF
:10CF0000E9080833F2E56119884601218C460D4392
:10CF10004146656039617961CA608A606246024350
:10CF20004A60E050300000F0BBF820000830B0E666
:10CF30009A091000393238308246D20083E7BC4269
:10CF400041D0BC686368032293431A005B1BAA426A
:10CF500002D30F2B00DD44E7300000F0A1F897E684
:10CF60005B23984688445C31CB00F3E55346981028
:10CF700001238340404618438046786080E7019B48
:10CF8000039A4B440B40D31A194030008A4600F0F4
:10CF900057FA431C00D0EFE600239A46F1E6542AE4
:10CFA0002ED81A0B10006F326E308246D2004AE73C
:10CFB000AA235B0099422ED8DD3B9846E90B8844B2
:10CFC0007831CB00C6E5304B9B461A68019B9C46E6
:10CFD0005B4662441A60039B591EA7E64846084216
:10CFE00000D0A3E6B9684344894601210B43494672
:10CFF0004B60E7E653464A461A60A2E64860ABE754
:10D00000AA204000824226D8DA0B1000783277300E
:10D010008246D20017E71D4B994226D87C239846BA
:10D02000A90C88447D31CB0094E5019A029B94467B
:10D030004A46083B63449B1A019300239A46A0E6A4
:10D0400021003000083100F0F5FA5B461A68BB6831
:10D0500099465B68B6E60D4882420CD89A0C1000DF
:10D060007D327C308246D200EDE6FE237E227F2197
:10D0700090469B006EE5FE227E2092008246E2E60C
:10D0800043465B68F0E5C046F80E002054050000FA
:10D0900010B5024800F0F0F910BDC046F00E0020B7
:10D0A00010B5024800F0EAF910BDC046F00E0020AD
:10D0B00010B582B04A424A4180235200DB0000F0A2
:10D0C00003F802B010BDC046F0B5C64600B51D005D
:10D0D000654B04001B680E001700984682B0002BB9
:10D0E00003D05B6B002B00D1A8E0022F05D0012FED
:10D0F00000D9A7E0002D00DAA4E0636EDB0748D575
:10D100002100404600F02CFC216B002908D02300B0
:10D110004033994202D0404600F08CFA002323634A
:10D120000023A36163600C22A35E1A065FD44F4AFA
:10D130001340A381022F65D001AB6A46210040460F
:10D1400000F048FDA3890343A381002D28D0002EC1
:10D1500027D043465B6B002B30D00C22A35E009A95
:10D16000AA4203D0802212011343A381012F29D0A8
:10D170002660266165611A072ED5DA0757D4626EDC
:10D18000A560D2072DD50025280002B080BCB84686
:10D19000F0BDA3899B05B3D4A06D00F06DF9AFE796
:10D1A000009D2800F9F75CFC061E4ED08022A38962
:10D1B0001343A38143465B6B002BCED1404600F066
:10D1C000BBFCCAE701221A4312B2A2812660266183
:10D1D00065611B072CD413000022A260626ED20787
:10D1E000D1D49B05CFD4A06D00F048F9CBE74046E1
:10D1F000216900F01FFA0C22A35E1C4A1340A38190
:10D20000022F99D1002502221A43A2810022A26096
:10D2100022004332226022610122616E626111426A
:10D22000B2D19B05B0D4A06D00F028F9ACE71A008C
:10D2300000236D42A360A5611300CFE7404600F0D4
:10D240007BFC52E701256D429EE7009BAB4205D077
:10D2500018001D00F9F704FC061EA7D101250C22B9
:10D26000A35E6D42CFE7C046000A00205CF3FFFFDB
:10D2700030B5032A0CD90B0003439B0719D104686E
:10D280000B689C4215D1043A04300431032AF6D8C5
:10D29000551E002A0BD0002303E05A1C9D4206D0E5
:10D2A0001300C25CCC5CA242F7D0101B00E000204F
:10D2B00030BD551EEFE7C046F0B5CE46474680B5B7
:10D2C00088420DD98B1898420AD2531E002A03D0E7
:10D2D000CA5CC254013BFBD2C0BCB946B046F0BDEB
:10D2E0000F2A0BD80500561E002AF5D00023CC5C6F
:10D2F0001A00EC5401339642F9D1EDE703000B43D9
:10D3000088469B0734D110261700B1460C00030055
:10D31000103F3F093F01C519A94426681E60666891
:10D320005E60A6689E60E6681034DE601E00103302
:10D33000AE42F2D1CF1939000F230C2610318C46A2
:10D340001340164217D04446043B9B089B00FF182D
:10D350001437061B0C688D1904312C60B942F9D1C1
:10D360006146043359184B441D0003231A40BAE7A1
:10D370000500561EBAE74D461A00B4E70323CAB2A9
:10D38000F0B50340002A35D00324002B2DD1FF2314
:10D390000B401D02ED182B04ED182C000168264EE1
:10D3A0004C408B198B43A119A143244E0B433342AC
:10D3B00011D14168204F0C00CB196C408B43E1190F
:10D3C000A1430B4304303342F3D00378002B05D044
:10D3D0009A4204D001300378002BF9D10020F0BD2F
:10D3E0009342FCD001302042D1D00378002BF7D1FA
:10D3F0000020F4E7002B08D0032202E001301042A5
:10D4000003D00378002BF9D1E9E702680A4B0B49F6
:10D41000D31893430B4206D14268074B0430D3180C
:10D4200093430B42F8D00378002BD8D043780130D7
:10D43000002BFBD1D3E7C046FFFEFEFE808080803C
:10D44000002370B5064C050008002360FAF720FCA5
:10D45000431C00D070BD2368002BFBD02B60F9E784
:10D46000C8210020014B18687047C046000A002000
:10D470007047C0467047C0467047C0467047C046B8
:10D48000802310B55B01082801D1180010BDFFF7FB
:10D49000E9FF16230360173BF7E7C046024670B565
:10D4A0000A4392072AD11E4DEE0104C808C9541B35
:10D4B0009443344017D0D0B2D9B2401A2106014368
:10D4C00010D190B299B2401A210401430AD110023E
:10D4D0001902000A090A401A2102014302D1100E62
:10D4E000190E401A70BD9A42DFD010BA19BA88429C
:10D4F00001D9012070BD0020C04370BD02780B78B7
:10D5000001300131002A09D09A4207D102780B7804
:10D5100001300131002A01D09A42EFD0D01A70BDFB
:10D520000101010110B583070AD00300032102E0C5
:10D5300001330B4205D01A78002AF9D1181A10BD10
:10D54000030019680C4A0D4C8A188A4322420FD1F5
:10D550005968094A04338A188A43224208D1596813
:10D56000054A04338A188A432242F1D000E001338D
:10D570001A78002AFBD1E1E7FFFEFEFE8080808062
:10D58000F0B5C646060000B508200D00FFF778FF8D
:10D5900004003000FFF77CFD234B210098469B6878
:10D5A0005F6803239F4338001138401B0019F8F7C8
:10D5B00059FB451E6543AC4208DC00213000FFF7F3
:10D5C0003FFF43469B68DB19984206D03000FFF7C7
:10D5D00067FD002080BCB846F0BD30006942FFF70F
:10D5E0002FFF01300ED0012243467F1B9B6817435B
:10D5F0000E4A5F60136830005B1B1360FFF750FD3D
:10D600000120E7E700213000FFF71AFF43469A6840
:10D61000831A0F2BDADD064C04492468001B0860CE
:10D6200001210B435360D1E7F8050020F80E0020DC
:10D63000EC050020F0B5D6464F46464605000C00E6
:10D64000C0B5002948D0FFF723FD21000127083984
:10D650004B6803209C46BB43CE18726882436046E9
:10D66000384080466A4891468468B44200D17CE0E4
:10D670007260B41864683C40A2464446002C30D125
:10D680000C68A446091B8C686344A4460824A04681
:10D690008044C4455CD0CC68A04664464246E26003
:10D6A00094605246002A1FD01F434F60336080228F
:10D6B0009200934230D2DA085C090123A340446807
:10D6C00023434360D3001B189A68CB608A6099603B
:10D6D000D1602800FFF7E4FCE0BCBA46B146A8469A
:10D6E000F0BD5246002A0FD101224B44CF18BC4650
:10D6F000B468484F1A43BC425BD0F668E660B46039
:10D700004A6062461360D2E762463A434A6080222A
:10D71000336092009342CED35C0A042C3FD89C091C
:10D72000260039343836E40004192268083C0327FF
:10D73000944203D14EE09268944203D05068B843BB
:10D740009842F8D8D468CC608A60A160D160C0E704
:10D750005246002A35D14B441A00B068F36817438B
:10D76000C36098604F608A50B3E74B441A00434649
:10D77000002B06D10B68C91A8C68D218CB68E360FD
:10D780009C60012313434B60234B81601B689342D1
:10D790009FD8224B28001968FFF7F2FE99E7142C56
:10D7A00013D9542C1DD81C0B26006F346E36E400A0
:10D7B000BAE7E160A1604A606246CC608C601360A9
:10D7C00087E71F434F60336083E726005C345B3696
:10D7D000E400A9E70123B610B34046683343436031
:10D7E000B1E7AA225200944205D8DC0B2600783417
:10D7F0007736E40098E70A4A944205D89C0C260044
:10D800007D347C36E4008FE7FE247E26A4008BE77F
:10D81000F805002000060020F0050020280F002059
:10D8200054050000F0B5C64600B50C228B5E07001B
:10D830000C001A074DD48021626809011943A181A7
:10D84000002A69DDA56A002D3FD000223E683A60BB
:10D85000DB0466D4002201233800E169A8470200F6
:10D86000431C6BD00C23E15EA56A490706D56368AB
:10D87000D21A236B002B01D0E36BD21A002338009D
:10D88000E169A8470C23E25E431C4CD139681D298D
:10D890005ED8314BCB40DB075AD5304B1340A381C8
:10D8A0000023636023692360D20401D5002943D09B
:10D8B000216B3E60002908D023004033994202D0FA
:10D8C0003800FFF7B7FE00232363002080BCB84672
:10D8D000F0BD0E69002EF8D00D680022AD1B0E6061
:10D8E0009B0700D14A69A260002D04DCEDE73618E1
:10D8F0002D1A002DE9DD636A3200984638002B00AE
:10D90000E169C0470028F2DC4022A38913431BB21F
:10D910000120A3814042D9E7E26B002A00DD91E7B4
:10D92000D3E7226DA1E70D4B1340A3810023636071
:10D9300023692360D204BBD52065B9E73B68002B7F
:10D9400000D18FE71D2B01D0162BDDD13E60BCE747
:10D9500040231343DCE7C04601004020FFF7FFFFF0
:10D9600070B505000C00002802D0436B002B27D0B7
:10D970000C22A35E002B11D0626ED20701D49B054E
:10D980000ED528002100FFF74DFF636E0500DB0771
:10D9900002D4A3899B050FD5280070BD0025FBE7A5
:10D9A000A06DFFF769FD28002100FFF73BFF636EC4
:10D9B0000500DB07F0D4ECE7A06DFFF75FFDEBE7B8
:10D9C00000F0BAF8D4E7C04610B5034A034904484A
:10D9D00000F0DEF810BDC046480B002091DD0010BD
:10D9E000080A002041680B4B10B50400994201D091
:10D9F00000F0CEF9A168084B994202D0200000F057
:10DA0000C7F9E168054B994202D0200000F0C0F947
:10DA100010BDC0462C0F0020940F0020FC0F0020EA
:10DA2000F8B5CE4647463B4C3B4B3C4A20000025D0
:10DA300080B51A600423082200215C3025606560EF
:10DA4000A560656625616561A561E360F9F71AF86F
:10DA50002000334B334F344E99462362334B5830BA
:10DA60009846A762E6626362E461FFF701FDCC239A
:10DA7000E5502F4B20006367802300210822C4302B
:10DA8000E550A566E5662567A567E567F8F7FAFF3F
:10DA9000220084236832E2504A460433E250424670
:10DAA00020000433E2500433E750C0300433E65022
:10DAB000FFF7DEFCD0232000E5500433E5500433AB
:10DAC000E5501C4A5C33E550583BE2500433E550C6
:10DAD0002D300433E550002104330822FF30E55097
:10DAE000F8F7D0FF2200EC23D032E2504A4604334C
:10DAF000E250200042460433E25029300433E7501C
:10DB0000FF300433E650FFF7B3FCC0BCB946B04663
:10DB1000F8BDC0462C0F002064100020C9D90010A9
:10DB20002DDC001095DC0010C1DC001055DC00106D
:10DB3000090001001200020070B50400094D280020
:10DB4000FFF79AFC636B002B05D1074B6363074B10
:10DB50001B68002B03D02800FFF790FC70BDFFF777
:10DB60005FFFF8E7F40E0020E5D9001064100020F4
:10DB700010B50248FFF780FC10BDC046F40E00202F
:10DB800010B50248FFF77AFC10BDC046F40E002025
:10DB9000F8B54746CE46884680B581461700002630
:10DBA0007D68BC68013D0DD4A389012B07D90E22E5
:10DBB000A35E013303D021004846C04706436834C2
:10DBC000013DF1D23F68002FEAD13000C0BCB94618
:10DBD000B046F8BD70B50C001E000E23C95E1500DE
:10DBE00096B0002915DB6A4600F082F8002810DBA9
:10DBF000F02301991B0219400B4B80209C46614485
:10DC00004B42594180230001DB0031602B6016B08C
:10DC100070BDA38900211B0602D540230020F4E734
:10DC200080230020DB00F0E700E0FFFF70B50C0070
:10DC30000E25495F00F084F8002803DB236D1B18D4
:10DC4000236570BDA389024A1340A381F9E7C0464A
:10DC5000FFEFFFFFF8B50C001F000C23C95E0500A5
:10DC60001600CB050AD40A4B320019402800A181C6
:10DC70000E23E15E3B0000F077F8F8BD0E23E15E75
:10DC80000022022300F048F80C23E15EEBE7C046D7
:10DC9000FFEFFFFF70B50C000E25495F00F03CF868
:10DCA0000C22A35E421C05D0802252011343206542
:10DCB000A38170BD014A1340FAE7C046FFEFFFFFA2
:10DCC00010B50E23C95E00F001F810BD002370B539
:10DCD000064C050008002360FAF719F8431C00D031
:10DCE00070BD2368002BFBD02B60F9E7C821002012
:10DCF000002370B5074D0400080011002B60FAF7EF
:10DD00000CF8431C00D070BD2B68002BFBD02360A7
:10DD1000F9E7C046C821002070B5040008001100D2
:10DD20001A000023054D2B60F9F7F4FF431C00D0C7
:10DD300070BD2B68002BFBD02360F9E7C8210020C1
:10DD400070B50400080011001A000023054D2B6077
:10DD5000F9F7BAFF431C00D070BD2B68002BFBD035
:10DD60002360F9E7C821002070B504000800110005
:10DD70001A000023054D2B60F9F7B8FF431C00D0B3
:10DD800070BD2B68002BFBD02360F9E7C821002071
:10DD900070B506000C1E3FD0002802D0436B002B4C
:10DDA00047D001250C22A35E626E2A4232D19B0528
:10DDB00042D521003000FFF735FDE36A0500002B56
:10DDC00004D03000E1699847002828DBA3891B06AE
:10DDD0002AD4216B002908D023004033994202D075
:10DDE0003000FFF727FC00232363616C002904D077
:10DDF0003000FFF71FFC00236364FFF7B9FE002328
:10DE0000A381636EDB0725D5A06DFFF733FBFFF71A
:10DE1000B7FE02E0002BCCD10025280070BD012503
:10DE2000A3896D421B06D4D530002169FFF702FC9F
:10DE3000CFE7FFF781FEB4E7A06DFFF71DFB0C22D3
:10DE4000A35E002BB5D1636E2B42E5D1A06DFFF729
:10DE500015FBE1E7A06DFFF711FBD5E7F8B5C0466C
:10DE600001B40248844601BC604700BF850300201E
:10DE700001B40248844601BC604700BF99020020FB
:10DE800001B40248844601BC604700BF7104002011
:10DE900001B40248844601BC604700BF7104002001
:10DEA00001B40248844601BC604700BF5D02002007
:10DEB00001B40248844601BC604700BF290200202B
:10DEC00001B40248844601BC604700BFC100002085
:10DED000455A0010715A0010055C0010756A001058
:10DEE000A962001011690010395B00108D5A0010F2
:10DEF000AD5A0010C15A0010854B0010C95A0010CD
:10DF0000B9530010315A0010C5430010DD54001001
:04DF1000B10200104A
:10DF180002AA000065702D3E616374697665000091
:10DF2800483A2F74696E797573622F7372632F7014
:10DF38006F727461626C652F726173706265727260
:10DF48007970692F7270323034302F6863645F7271
:10DF580070323034302E6300556E68616E646C65C3
:10DF680064206275666665722025640A00000000F8
:10DF780042756666657220636F6D706C6574650DB9
:10DF8800000000005472616E7366657220636F6DE5
:10DF9800706C6574650D000044617461205365718F
:10DFA800204572726F72200A00000000556E686189
:10DFB8006E646C65642049525120307825780A00D7
:10DFC800416C6C6F63617465202573206570202532
:10DFD800640A0000657000007268706F7274203DFA
:10DFE8003D20300025640000496E76616C6964202C
:10DFF80073706565640A000065702D3E656E647017
:10E008006F696E745F636F6E74726F6C00000000EE
:10E0180065702D3E6275666665725F636F6E7472B9
:10E028006F6C000065702D3E68775F646174615F96
:10E03800627566002128647072616D5F6F66667331
:10E0480065742026203062313131313131290000A8
:10E0580025732025643A20415353455254204641A4
:10E06800494C45440D0A00002165702D3E616374DA
:10E078006976650065705F6E756D203D3D203000E6
:10E0880065702D3E636F6E66696775726564000022
:10E09800636F6E74726F6C0069736F6368726F6E12
:10E0A8006F75730062756C6B00000000696E7465B3
:10E0B800727275707400000021286275665F63745F
:10E0C800726C2026205553425F4255465F43545296
:10E0D8004C5F46554C4C2900483A2F74696E797547
:10E0E80073622F7372632F706F727461626C652F25
:10E0F80072617370626572727970692F72703230F2
:10E1080034302F7270323034305F7573622E630092
:10E118006275665F6374726C2026205553425F42B5
:10E1280055465F4354524C5F46554C4C0000000026
:10E1380073697A656F662868775F656E64706F6962
:10E148006E745F7429203D20256C640D0A00000060
:10E15800657020253032582077617320616C7265B4
:10E1680061647920617661696C61626C65000000A8
:10E178005741524E3A207374617274696E67206E0B
:10E188006577207472616E73666572206F6E2061A8
:10E198006C72656164792061637469766520657065
:10E1A80020253032580D0A0043616E277420636FB2
:10E1B8006E74696E75652078666572206F6E206969
:10E1C8006E61637469766520657020253032580069
:10E1D8005B25753A25753A25755D20756E706C75E9
:10E1E800676765642061646472657373203D2025E8
:10E1F800750D0A002020697320612048554220646B
:10E2080065766963652025750D0A0000253032584A
:10E218002000000050617273696E6720436F6E665C
:10E22800696775726174696F6E206465736372697A
:10E2380070746F72202877546F74616C4C656E67C8
:10E248007468203D202575290D0A0000456E636F0E
:10E25800756E74657265642061207A65726F2D6CC5
:10E26800656E6774682064657363726970746F7231
:10E2780020616674657220256C75206279746573F7
:10E288000D0A000020202573206F70656E65640DEF
:10E298000A0000005B25753A25755D20496E746596
:10E2A80072666163652025753A20636C617373201B
:10E2B8003D20257520737562636C617373203D2062
:10E2C80025752070726F746F636F6C203D20257503
:10E2D800206973206E6F7420737570706F72746527
:10E2E800640D0A00486967680000000046756C6C98
:10E2F800000000004C6F77004175746F000000004B
:10E308005553424820696E6974206F6E20636F6EA2
:10E3180074726F6C6C65722025752C20737065653E
:10E3280064203D2025730D0A0000000073697A659A
:10E338006F6628757362685F646174615F74292011
:10E348003D20256C640D0A0073697A656F6628752F
:10E358007362685F6465766963655F7429203D2030
:10E36800256C640D0A00000073697A656F66286879
:10E3780063645F6576656E745F7429203D20256C43
:10E38800640D0A0073697A656F66287475685F782A
:10E398006665725F7429203D20256C640D0A0000B3
:10E3A80073697A656F662874755F6669666F5F74EE
:10E3B80029203D20256C640D0A00000073697A65E8
:10E3C8006F662874755F656470745F7374726561D5
:10E3D8006D5F7429203D20256C640D0A0000000043
:10E3E800257320696E69740D0A0000005B25755D50
:10E3F80020436C61696D6564204550203078253074
:10E4080032780D0A000000005B25755D2052656CAE
:10E418006561736564204550203078253032780D69
:10E428000A0000002020517565756520455020259B
:10E4380030325820776974682025752062797465B0
:10E4480073202E2E2E200D0A000000004F4B0D00C9
:10E458004661696C65640D005B25753A25755D201C
:10E468004F70656E20455030207769746820536975
:10E478007A65203D2025750D0A0000005B25755D35
:10E488002041626F72746564207472616E73666590
:10E4980072206F6E20455020253032580D0A00003A
:10E4A8005B25753A25755D20436F6E74726F6C201D
:10E4B8005354414C4C45442C20786665727265640F
:10E4C8005F6279746573203D20256C750D0A000024
:10E4D8005B25753A25755D20436F6E74726F6C20ED
:10E4E8004641494C45442025752F25752C207265D9
:10E4F800747279696E670D0A000000005B25753A31
:10E5080025755D20436F6E74726F6C204641494CCF
:10E5180045442C20786665727265645F627974651B
:10E5280073203D20256C750D0A0000005B25753AA7
:10E5380025755D20436F6E74726F6C206461746121
:10E548003A0D0A0025732073657420636F6E66693F
:10E55800673A20697466203D2025750D0A00000081
:10E568004855422061646472657373203D202575A7
:10E57800206973206D6F756E7465640D0A00000064
:10E58800456E756D65726174696F6E20617474652E
:10E598006D70742025752F25750D0A004465766900
:10E5A800636520756E706C75676765642066726F49
:10E5B8006D20687562207768696C65206465626F94
:10E5C800756E63696E670D004465766963652075CD
:10E5D8006E706C75676765642066726F6D2068750C
:10E5E8006220286E6F742061646472657373656459
:10E5F80020796574290D00004765742038206279F8
:10E608007465206F66204465766963652044657388
:10E6180063726970746F720D0000000047657420A2
:10E628004465766963652044657363726970746FC5
:10E63800720D000047657420436F6E6669677572D6
:10E648006174696F6E5B25755D20446573637269DB
:10E6580070746F72202839206279746573290D0AE5
:10E668000000000047657420436F6E666967757225
:10E678006174696F6E5B25755D20446573637269AB
:10E6880070746F720D0A00004465766963652063D3
:10E698006F6E666967757265640D0000446576691A
:10E6A800636520756E706C75676765642077686947
:10E6B8006C65206465626F756E63696E670D000036
:10E6C80025732053706565640D0A00005B25753A53
:10E6D8005D2055534248204465766963652041743E
:10E6E800746163680D0A00005B25753A5D20555317
:10E6F80042482044656665722041747461636820ED
:10E70800756E74696C2063757272656E7420656EBF
:10E71800756D65726174696F6E20636F6D706C657D
:10E7280074650D0A000000005B25753A25753A25C9
:10E73800755D20555342482044455649434520526B
:10E74800454D4F5645440D0A000000005B3A2575BB
:10E758005D206F6E2045502025303258207769742F
:10E76800682025752062797465733A2025730D0A2F
:10E778000000000020202573207866657220636100
:10E788006C6C6261636B0D0A00000000436C61737E
:10E798007320526571756573740000005B25753AC6
:10E7A80025755D2025733A20000000004849442063
:10E7B800476574205265706F727420446573637284
:10E7C8006970746F720D000053657420416464723F
:10E7D800657373203D2025640D0A0000536574207D
:10E7E800436F6E66696775726174696F6E203D204C
:10E7F80025640D0A000000004D53430048494400B9
:10E808004855420048554220436C65617220466570
:10E8180061747572653A2025732C206164647220D6
:10E828003D20257520706F7274203D2025750D0AD6
:10E838000000000048554220536574204665617405
:10E848007572653A2025732C2061646472203D201E
:10E85800257520706F7274203D2025750D0A000003
:10E868004855422047657420506F72742053746174
:10E878007475733A2061646472203D202575207098
:10E888006F7274203D2025750D0A00002020485520
:10E898004220636C6F73652061646472203D20259B
:10E8A800640D0A0048554220476F7420687562203D
:10E8B8007374617475732C2061646472203D202523
:10E8C800752C20737461747573203D20253034785D
:10E8D8000D0A000020204C6F63616C20506F776533
:10E8E80072204368616E67650D00000020204F7636
:10E8F80065722043757272656E740D00202048752C
:10E908006220537461747573204368616E67652073
:10E918003D203078253032580D0A0000504F5254AF
:10E928005F434F4E4E454354494F4E00504F52544B
:10E938005F454E41424C4500504F52545F5355532A
:10E9480050454E4400000000504F52545F4F56450A
:10E95800525F43555252454E54000000504F525496
:10E968005F52455345540000504F52545F504F5723
:10E9780045520000504F52545F4C4F575F5350451B
:10E9880045440000504F52545F434F4E4E45435448
:10E99800494F4E5F4348414E47450000504F52543F
:10E9A8005F454E41424C455F4348414E4745000054
:10E9B800504F52545F53555350454E445F4348415E
:10E9C8004E474500504F52545F4F5645525F43558E
:10E9D8005252454E545F4348414E4745000000009F
:10E9E800504F52545F52455345545F4348414E4738
:10E9F80045000000504F52545F54455354000000E6
:10EA0800504F52545F494E44494341544F520000BD
:10EA1800484944205365742050726F746F636F6C5B
:10EA2800203D2025640D0A00484944205365742080
:10EA380049646C65200D000048494420536B697097
:10EA4800205265706F7274204465736372697074C4
:10EA58006F722073696E636520697420697320740E
:10EA68006F6F206C61726765202575206279746507
:10EA7800730D0A0073697A656F6628686964685F50
:10EA8800696E746572666163655F7429203D20252F
:10EA9800750D0A0020205B6964783D25755D204767
:10EAA8006574205265706F72742063616C6C62616A
:10EAB800636B0D0A00000000202048494468206369
:10EAC8006C6F73652061646472203D202575206930
:10EAD8006E646578203D2025750D0A005B25755DFF
:10EAE80020484944206F70656E696E6720496E74CE
:10EAF8006572666163652025750D0A0020204D61E9
:10EB080078204C554E203D2025750D0A0000000048
:10EB180053435349205465737420556E69742052C9
:10EB2800656164790D0000005343534920526561C3
:10EB3800642043617061636974790D0053435349DC
:10EB480020526571756573742053656E73650D0089
:10EB580073697A656F66286D7363685F696E74653B
:10EB680072666163655F7429203D2025750D0A0072
:10EB780073697A656F66286D7363685F657062751F
:10EB8800665F7429203D2025750D0A0020204D530D
:10EB9800436820636C6F73652061646472203D2054
:10EBA80025640D0A000000004D534320476574207A
:10EBB8004D6178204C756E0D0000000020207C000F
:10EBC8007C0D000020204F70656E204550202530B8
:10EBD800325820776974682053697A65203D20256A
:10EBE800750D0A0020205741524E3A204550206D9D
:10EBF8006178207061636B65742073697A65206938
:10EC0800732035313220696E2066756C6C737065BF
:10EC180065642C20666F72636520746F2036340D2E
:10EC280000000000202042696E64204550202530F5
:10EC3800327820746F206472697665722069642066
:10EC480025750D0A000000004E554C4C0D000000C3
:10EC5800253034583A2000004F4B00004641494CBB
:10EC6800454400005354414C4C45440054494D45DB
:10EC78004F555400476574205374617475730000D0
:10EC8800436C6561722046656174757265000000A9
:10EC980052657365727665640000000053657420E0
:10ECA80046656174757265005365742041646472C9
:10ECB8006573730047657420446573637269707483
:10ECC8006F720000536574204465736372697074D1
:10ECD8006F72000047657420436F6E6669677572CE
:10ECE8006174696F6E00000053657420436F6E662F
:10ECF800696775726174696F6E00000047657420FA
:10ED0800496E74657266616365000000536574201E
:10ED1800496E7465726661636500000053796E63BD
:10ED280068204672616D650030783163203D3D2072
:10ED3800282A696E7374293E3E313175000000003F
:10ED4800433A2F55736572732F6D6D616468612F37
:10ED58002E7069636F2D73646B2F73646B2F322E63
:10ED6800322E302F7372632F7270325F636F6D6D46
:10ED78006F6E2F68617264776172655F6972712F57
:10ED88006972712E6300000064656C7461203E3DF9
:10ED9800202D323034382026262064656C7461209A
:10EDA8003C3D203230343620262620212864656CEC
:10EDB8007461202620312900212864656C74612043
:10EDC8003E3E20313175290063757272656E74207C
:10EDD8003D3D205F5F756E68616E646C65645F754C
:10EDE8007365725F697271207C7C206375727265CD
:10EDF8006E74203D3D2068616E646C657200000091
:10EE08006972715F68616E646C65725F636861697D
:10EE18006E5F667265655F736C6F745F6865616469
:10EE2800203E3D2030000000767461626C655F68AA
:10EE3800616E646C6572203D3D205F5F756E686130
:10EE48006E646C65645F757365725F6972710000EA
:10EE5800212828282875696E747074725F74297265
:10EE6800656D6F76655F7468756D625F6269742839
:10EE7800767461626C655F68616E646C657229297D
:10EE8800202D20282875696E747074725F74296942
:10EE980072715F68616E646C65725F636861696EE8
:10EEA8005F736C6F7473292920252073697A656FE5
:10EEB8006628737472756374206972715F68616E15
:10EEC800646C65725F636861696E5F736C6F7429E7
:10EED8002900000021657863657074696F6E207C75
:10EEE8007C20657863657074696F6E203D3D206E87
:10EEF800756D202B20565441424C455F464952536C
:10EF0800545F49525100000066616C73650000004F
:10EF180069735F7368617265645F6972715F72615A
:10EF2800775F68616E646C657228736C6F745F6874
:10EF3800616E646C65722900657863657074696FC9
:10EF48006E000000666F756E640000000A2A2A2AA7
:10EF58002050414E4943202A2A2A0A004E6F207326
:10EF680070696E6C6F636B73206172652061766186
:10EF7800696C61626C65000031203D3D202875692F
:10EF88006E747074725F74296C2D3E7370696E5F55
:10EF98006C6F636B00000000433A2F557365727302
:10EFA8002F6D6D616468612F2E7069636F2D7364B6
:10EFB8006B2F73646B2F322E322E302F7372632FA8
:10EFC800636F6D6D6F6E2F7069636F5F73796E63BA
:10EFD8002F6D757465782E6300000000746F74617E
:10EFE8006C0000006D74782D3E636F72652E73702F
:10EFF800696E5F6C6F636B006C6F636B5F69735FE7
:10F008006F776E65725F69645F76616C6964286D9D
:10F0180074782D3E6F776E65722900006D74782DB7
:10F028003E656E7465725F636F756E7400000000F4
:10F03800706F6F6C2D3E74696D65725F616C617283
:10F048006D5F6E756D203D3D2074696D65725F6101
:10F058006C61726D5F6E756D00000000433A2F554C
:10F06800736572732F6D6D616468612F2E706963AB
:10F078006F2D73646B2F73646B2F322E322E302FEB
:10F088007372632F636F6D6D6F6E2F7069636F5F3F
:10F0980074696D652F74696D652E630064656661BA
:10F0A800756C745F616C61726D5F706F6F6C5F69B6
:10F0B8006E697469616C697A6564282900000000CA
:10F0C800417474656D7074656420746F20736C6529
:10F0D800657020696E73696465206F6620616E20B3
:10F0E800657863657074696F6E2068616E646C65BD
:10F0F800723B2075736520627573795F77616974F7
:10F1080020696620796F75206D75737400000000A2
:10F11800486172647761726520616C61726D202547
:10F128006420616C726561647920636C61696D65E6
:10F1380064000000636F6E6E6563745F696E74656A
:10F14800726E616C5F666C6173685F66756E632072
:10F15800262620666C6173685F657869745F7869D4
:10F16800705F66756E6320262620666C6173685F23
:10F17800666C7573685F63616368655F66756E6307
:10F1880020262620666C6173685F656E7465725F01
:10F19800636D645F7869705F66756E630000000078
:10F1A800433A2F55736572732F6D6D616468612FD3
:10F1B8002E7069636F2D73646B2F73646B2F322EFF
:10F1C800322E302F7372632F7270325F636F6D6DE2
:10F1D8006F6E2F68617264776172655F666C6173C8
:10F1E800682F666C6173682E63000000666C61733B
:10F1F800685F6F666673202B20636F756E74203CA2
:10F208003D205049434F5F464C4153485F53495A4C
:10F21800455F425954455300636F6E6E6563745F72
:10F22800696E7465726E616C5F666C6173685F6647
:10F23800756E6320262620666C6173685F65786941
:10F24800745F7869705F66756E6320262620666C29
:10F258006173685F72616E67655F65726173655F30
:10F2680066756E6320262620666C6173685F666C1F
:10F278007573685F63616368655F66756E630000D8
:10F28800636F6E6E6563745F696E7465726E616CD0
:10F298005F666C6173685F66756E632026262066FC
:10F2A8006C6173685F657869745F7869705F6675AB
:10F2B8006E6320262620666C6173685F72616E67D4
:10F2C800655F70726F6772616D5F66756E63202629
:10F2D8002620666C6173685F666C7573685F63612E
:10F2E8006368655F66756E6300000000636F6E6E2D
:10F2F8006563745F696E7465726E616C5F666C617C
:10F3080073685F66756E6320262620666C61736875
:10F318005F657869745F7869705F66756E632026CB
:10F328002620666C6173685F666C7573685F6361DD
:10F338006368655F66756E630000000021656E6135
:10F34800626C6564207C7C206972715F6861735FA0
:10F3580068616E646C657228494F5F4952515F421B
:10F36800414E4B3029000000433A2F5573657273A4
:10F378002F6D6D616468612F2E7069636F2D7364E2
:10F388006B2F73646B2F322E322E302F7372632FD4
:10F398007270325F636F6D6D6F6E2F686172647724
:10F3A8006172655F6770696F2F6770696F2E6300A0
:10F3B80076636F5F66726571203E3D205049434F0A
:10F3C8005F504C4C5F56434F5F4D494E5F46524528
:10F3D800515F485A2026262076636F5F66726571F2
:10F3E800203C3D205049434F5F504C4C5F56434FA3
:10F3F8005F4D41585F465245515F485A0000000032
:10F40800433A2F55736572732F6D6D616468612F70
:10F418002E7069636F2D73646B2F73646B2F322E9C
:10F42800322E302F7372632F7270325F636F6D6D7F
:10F438006F6E2F68617264776172655F706C6C2F94
:10F44800706C6C2E630000006662646976203E3D35
:10F45800203136202626206662646976203C3D20CD
:10F468003332300028706F73745F64697631203EE0
:10F478003D203120262620706F73745F64697631D1
:10F48800203C3D2037292026262028706F73745F82
:10F4980064697632203E3D203120262620706F7325
:10F4A800745F64697632203C3D20372900000000F3
:10F4B8007265665F66726571203C3D202876636FD1
:10F4C8005F66726571202F20313629002A28287539
:10F4D800696E74385F74202A29282828766F696431
:10F4E800202A29726F6D5F7461626C655F666C6F4C
:10F4F8006174292D322929202A2034203E3D2053A9
:10F50800465F5441424C455F56325F53495A450065
:10F51800433A2F55736572732F6D6D616468612F5F
:10F528002E7069636F2D73646B2F73646B2F322E8B
:10F53800322E302F7372632F7270325F636F6D6D6E
:10F548006F6E2F7069636F5F646F75626C652F648F
:10F558006F75626C655F696E69745F726F6D5F72FB
:10F5680070323034302E63002A282875696E74385A
:10F578005F74202A29726F6D5F7461626C652D3229
:10F5880029202A2034203E3D2053465F5441424CD6
:10F59800455F56325F53495A45000000433A2F559C
:10F5A800736572732F6D6D616468612F2E70696366
:10F5B8006F2D73646B2F73646B2F322E322E302FA6
:10F5C8007372632F7270325F636F6D6D6F6E2F7021
:10F5D80069636F5F666C6F61742F666C6F61745FCF
:10F5E800696E69745F726F6D5F7270323034302E7D
:10F5F800630000004F7574206F66206D656D6F7233
:10F60800790000004465627567000000626F6F74DE
:10F61800325F77323571303830000000322E322EAA
:10F62800300000007069636F000000006170705F57
:10F638006D61696E000000004D6172203131203229
:10F6480030323600666E692B00000000666E690075
:10F658006E616E00666E692D000000002C206675D4
:10F668006E6374696F6E3A20000000006173736501
:10F678007274696F6E2022257322206661696C6539
:10F68800643A2066696C6520222573222C206C69F7
:10F698006E65202564257325730A000072630000D7
:10F6A800433A2F55736572732F6D6D616468612FCE
:10F6B8002E7069636F2D73646B2F73646B2F322EFA
:10F6C800322E302F7372632F7270325F636F6D6DDD
:10F6D8006F6E2F7069636F5F737464696F2F7374D3
:10F6E80064696F2E630000006E657766696C652E2D
:10F6F80074787400497420776F726B73210D0A0057
:10F70800303A0000636861696E5F746F203C3D2089
:10F718004E554D5F444D415F4348414E4E454C5315
:10F7280000000000433A2F55736572732F6D6D61A9
:10F738006468612F2E7069636F2D73646B2F736417
:10F748006B2F322E322E302F7372632F7270325F0E
:10F75800636F6D6D6F6E2F68617264776172655F3C
:10F76800646D612F696E636C7564652F686172647E
:10F77800776172652F646D612E68000070726F6723
:10F7880072616D2D3E6C656E677468203C3D20503B
:10F79800494F5F494E535452554354494F4E5F4366
:10F7A8004F554E5400000000433A2F55736572734D
:10F7B8002F6D6D616468612F2E7069636F2D73649E
:10F7C8006B2F73646B2F322E322E302F7372632F90
:10F7D8007270325F636F6D6D6F6E2F6861726477E0
:10F7E8006172655F70696F2F70696F2E630000002A
:10F7F8004E6F2050494F207374617465206D6163AA
:10F8080068696E65732061726520617661696C61F3
:10F81800626C65004E6F20444D41206368616E6ED6
:10F82800656C732061726520617661696C61626CD8
:10F8380065000000464154333220202000000000BB
:10F848002A3A3C3E7C223F7F000000002B2C3B3DA7
:10F858005B5D0000EBFE904D53444F53352E300056
:10F868004E4F204E414D45202020204641543332F2
:10F87800202020004E4F204E414D4520202020467C
:10F888004154202020202000556E6B6E6F776E202B
:10F89800636F6D6D616E643A20220000222E20573E
:10F8A80072697465202268656C702220666F722008
:10F8B80061206C697374206F6620617661696C6180
:10F8C800626C6520636F6D6D616E6473000000008B
:10F8D800496E7175697279206661696C65640D009D
:10F8E800252E387320252E31367320726576202513
:10F8F8002E34730D0A0000004469736B2053697A33
:10F90800653A20256C75204D420D0A006D6F756EA5
:10F9180074206661696C6564000000003E20000088
:10F9280048656C70206973206E6F74206176616918
:10F938006C61626C65000000202A2000436F6D6DC9
:10F94800616E64202268656C702220726563656947
:10F95800766573206F6E65206F72207A65726F20EE
:10F96800617267756D656E7473000000696E76610B
:10F978006C696420617267756D656E74730D000043
:10F9880025733A204E6F20737563682066696C652D
:10F99800206F72206469726563746F72790D0A0052
:10F9A80063616E6E6F7420737461742027257327EA
:10F9B8003A204E6F20737563682066696C65206F06
:10F9C80072206469726563746F72790D0A000000B1
:10F9D80063616E6E6F74206372656174652027259C
:10F9E80073270D0A0000000063616E6E6F74207744
:10F9F8007269746520746F20272573270D0A00002B
:10FA080063616E6E6F74206163636573732027256D
:10FA180073273A204E6F20737563682066696C659A
:10FA2800206F72206469726563746F72790D0A00C1
:10FA38002F25730D0A000000252D343073000000B7
:10FA4800256C7520420D0A00256C75204B420D0A65
:10FA58000000000063616E6E6F7420676574206338
:10FA6800757272656E7420776F726B696E67206449
:10FA780069726563746F72790D00000025733A200E
:10FA880063616E6E6F74206372656174652074685B
:10FA98006973206469726563746F72790D0A000076
:10FAA80063616E6E6F74206D7620257320746F20ED
:10FAB80025730D0A0000000063616E6E6F7420727A
:10FAC800656D6F766520272573273A204E6F207362
:10FAD8007563682066696C65206F72206469726559
:10FAE80063746F72790D0A0041204D61737353740A
:10FAF8006F72616765206465766963652069732044
:10FB08006D6F756E7465640D0000000041204D61D5
:10FB1800737353746F726167652064657669636592
:10FB280020697320756E6D6F756E7465640D0000C5
:10FB3800726D000055736167653A20726D205B46EF
:10FB4800494C455D2E2E2E0D0A0952656D6F76655E
:10FB58002028756E6C696E6B29207468652046498B
:10FB68004C452873292E00006D7600005573616797
:10FB7800653A206D7620534F5552434520444553EE
:10FB8800542E2E2E0D0A0952656E616D6520534F55
:10FB98005552434520746F20444553542E000000AD
:10FBA8006D6B64697200000055736167653A206D7A
:10FBB8006B646972204449522E2E2E0D0A09437235
:10FBC8006561746520746865204449524543544F03
:10FBD800525928696573292C2069662074686579EB
:10FBE80020646F206E6F7420616C72656164792087
:10FBF80065786973742E2E00707764005573616799
:10FC0800653A207077640D0A095072696E74207421
:10FC18006865206E616D65206F6620746865206375
:10FC2800757272656E7420776F726B696E67206487
:10FC380069726563746F72792E0000006C7300003E
:10FC480055736167653A206C73205B4449525D2E99
:10FC58002E2E0D0A094C69737420696E666F726DD9
:10FC68006174696F6E2061626F75742074686520B5
:10FC780046494C457320287468652063757272651F
:10FC88006E74206469726563746F7279206279207A
:10FC980064656661756C74292E000000637000004D
:10FCA80055736167653A20637020534F5552434539
:10FCB80020444553540D0A09436F707920534F551A
:10FCC80052434520746F20444553542E00000000D1
:10FCD8006364000055736167653A206364205B4480
:10FCE80049525D2E2E2E0D0A094368616E67652004
:10FCF8007468652063757272656E742064697265D4
:10FD080063746F727920746F204449522E0000008A
:10FD18006361740055736167653A20636174205BA1
:10FD280046494C455D2E2E2E0D0A09436F6E6361C0
:10FD380074656E6174652046494C452873292074A2
:10FD48006F207374616E64617264206F757470756E
:10FD5800742E2E0068656C70000000005072696E89
:10FD680074206C697374206F6620636F6D6D616EAB
:10FD7800647300006863645F73657475705F7365AE
:10FD88006E6400006863645F656470745F786665BC
:10FD9800720000005F68775F656E64706F696E74EB
:10FDA8005F696E697400000098E00010A0E0001020
:10FDB800ACE00010B4E000105F68775F656E6470B7
:10FDC8006F696E745F616C6C6F63617465000000CD
:10FDD8006863645F656470745F6F70656E000000CF
:10FDE8006863645F696E745F656E61626C6500006C
:10FDF8006863645F706F72745F73706565645F6772
:10FE0800657400006863645F706F72745F636F6E1F
:10FE18006E6563745F737461747573006863645F9F
:10FE2800706F72745F726573657400006863645FF5
:10FE3800696E69740000000068775F7472616E73A0
:10FE48005F636F6D706C6574650000005F68616E5C
:10FE5800646C655F627566665F7374617475735F01
:10FE68006269740073796E635F65705F6275666658
:10FE7800657200003E210010F01B0010321C0010BB
:10FE88005A1C0010901C0010B61C00100E1D00100B
:10FE9800861D00103A1E0010F81E0010141F0010D6
:10FEA800401F00108A1F00109A1F0010E41F001046
:10FEB800F41F0010FA1F00104A20001096200010AE
:10FEC8000E2100107475685F616464726573735FF6
:10FED800736574007475685F656470745F6F7065CE
:10FEE8006E000000757362685F656470745F7866A1
:10FEF80065725F776974685F63616C6C6261636B7C
:10FF080000000000757362685F656470745F636CFD
:10FF180061696D007475685F636F6E74726F6C5F92
:10FF28007866657200000000757362685F636F6EC3
:10FF380074726F6C5F786665725F636200000000C0
:10FF480071756575655F6576656E7400656E756D4E
:10FF58005F70617273655F636F6E66696775726102
:10FF680074696F6E5F6465736300000070726F631D
:10FF78006573735F656E756D65726174696F6E0028
:10FF8800656E756D5F6E65775F646576696365003C
:10FF98007475685F7461736B5F6578740000000046
:10FFA8007475685F7268706F72745F696E697400E7
:10FFB80000E80010313B00105D3B0010E53C0010EC
:10FFC800BD3D0010B53B0010613B001004E8001077
:10FFD80009330010293300100D340010513500107A
:10FFE8002D330010B933001008E80010A52B0010BD
:08FFF800B92B0010BD2B001015
:020000041001E9
:10000000CD2E00104D2F00104D2C001070726F631C
:100010006573735F6E65775F7374617475730000E9
:100020006875625F786665725F636200636F6E66B3
:1000300069675F706F72745F706F7765725F636F0F
:100040006D706C6574650000636F6E6669675F73E1
:1000500065745F706F72745F706F77657200000017
:100060006875625F7365745F636F6E6669670000D1
:100070006875625F6F70656E000000006875625F92
:10008000706F72745F7365745F66656174757265B5
:10009000000000006875625F706F72745F636C656A
:1000A00061725F66656174757265000024E9001015
:1000B00034E9001040E9001050E9001064E9001034
:1000C00000000000000000000000000070E90010C7
:1000D0007CE90010000000000000000000000000AB
:1000E0000000000000000000000000008CE900108B
:1000F000A4E90010B8E90010CCE90010E8E900100C
:10010000FCE9001008EA0010A00600000000090049
:1001100070726F636573735F7365745F636F6E6630
:1001200069670000686964685F6F70656E00000051
:100130006765745F6869645F69746600636F6E66A3
:1001400069675F726561645F636170616369747937
:100150005F636F6D706C657465000000636F6E6641
:1001600069675F726571756573745F73656E7365DA
:100170005F636F6D706C657465000000636F6E6621
:1001800069675F746573745F756E69745F726561CA
:1001900064795F636F6D706C657465006D7363681F
:1001A0005F7365745F636F6E666967006D73636824
:1001B0005F6F70656E0000006D7363685F786665E1
:1001C000725F63620000000074755F656470745F45
:1001D00076616C6964617465000000007475736217
:1001E0005F7268706F72745F696E697400000000FE
:1001F00060EC001064EC00106CEC001074EC00106B
:100200007CEC001088EC001098EC0010A4EC0010BE
:1002100098EC0010B0EC0010BCEC0010CCEC00101E
:10022000DCEC0010F0EC001004ED001014ED0010F8
:1002300024ED0010F4E20010FCE20010ECE20010EB
:100240006972715F6164645F7461696C5F746F5F30
:10025000667265655F6C697374000000696E736532
:1002600072745F626C5F3332000000006972715F0C
:1002700072656D6F76655F68616E646C65720000B3
:100280006D616B655F6A5F31360000007265736F88
:100290006C76655F6A5F3136000000006972715FDD
:1002A0006164645F7368617265645F68616E646CE9
:1002B000657200006972715F7365745F6578636C65
:1002C00075736976655F68616E646C6572000000C5
:1002D0006D757465785F6578697400006D75746517
:1002E000785F656E7465725F626C6F636B5F756E6D
:1002F00074696C0072756E74696D655F696E69749E
:100300005F6D757465780000616C61726D5F706F10
:100310006F6C5F6765745F64656661756C7400001F
:10032000616C61726D5F706F6F6C5F6972715F6835
:10033000616E646C65720000FFFFFFFFFFFFFF7FCF
:10034000090052500000000270EC0010666C6173EE
:10035000685F646F5F636D64000000006770696FC1
:100360005F7365745F6972715F656E61626C65640D
:1003700000000000706C6C5F696E69740000000022
:100380005F5F61656162695F646F75626C655F691B
:100390006E6974005F5F61656162695F666C6F6161
:1003A000745F696E6974000006005250D3F07542A4
:1003B0000CF6001006005250E182887F14F60010FF
:1003C00006005250ABB3605324F6001006005250A2
:1003D000BBFF3CB62CF6001006005250861C0302F0
:1003E00034F60010060052505422A29D40F6001030
:1003F00005005250DE65F468641701103276001073
:100400004A7600104A7600103E7600104A760010B8
:100410004A7600104A7600104A7600104A7600109C
:100420004A7600104A760010267600104A760010B0
:100430001A7600104A7600104A7600100E760010E8
:100440002A7700105A7700107C7700105A77001036
:10045000047700105A7700105A7700105A7700106E
:100460005A7700105A7700105A7700105A77001008
:100470004C7700105A7700105A7700105A77001006
:100480005A7700105A7700108C770010107C0010FB
:10049000267C0010267C0010267C0010267C001094
:1004A000267C0010267C0010267C0010267C001084
:1004B000267C0010267C0010267C0010267C001074
:1004C000267C0010267C0010267C0010267C001064
:1004D000267C0010267C0010267C0010267C001054
:1004E000267C0010267C0010267C0010267C001044
:1004F000267C0010267C0010267C0010267C001034
:10050000267C0010267C0010267C00103E7A00100D
:10051000FA7900103E7A0010267C0010267C00102C
:10052000267C0010267C0010267C0010267C001003
:10053000267C0010267C0010267C0010267C0010F3
:10054000267C0010267C0010267C0010267C0010E3
:10055000267C0010267C0010DA770010267C001024
:10056000267C0010267C0010267C0010267C0010C3
:10057000267C0010267C0010267C0010267C0010B3
:10058000DA770010967A0010DA7700103E7A0010C1
:10059000FA7900103E7A0010000000000000F03FE1
:1005A000000000000000244000000000000059404E
:1005B0000000000000408F40000000000088C340A1
:1005C00000000000006AF8400000000080842E4116
:1005D00000000000D01263410000000084D7974162
:1005E0000000000065CDCD41737464696F5F67657D
:1005F00074636861725F74696D656F75745F75733C
:10060000000000000D0A00006368616E6E656C5F9B
:10061000636F6E6669675F7365745F636861696E57
:100620005F746F002C06011005FF000022202120BE
:10063000A1200140C000000066696E645F6F6666BD
:100640007365745F666F725F70726F6772616D0061
:100650000100040010004000000100020000000042
:10066000010002000400080010002000000000004B
:100670000700000000000000000000000000000073
:10068000809A45418E418F804545454949498E8F25
:100690009092924F994F555559999A9B9C9D9E9F28
:1006A00041494F55A5A5A6A7A8A9AAABACADAEAF29
:1006B000B0B1B2B3B4B5B6B7B8B9BABBBCBDBEBFC2
:1006C000C0C1C2C3C4C5C6C7C8C9CACBCCCDCECFB2
:1006D000D0D1D2D3D4D5D6D7D8D9DADBDCDDDEDFA2
:1006E000E0E1E2E3E4E5E6E7E8E9EAEBECEDEEEF92
:1006F000F0F1F2F3F4F5F6F7F8F9FAFBFCFDFEFF82
:1007000001030507090E10121416181C1E00000024
:100710001EB7001028B7001034B700103AB7001009
:1007200040B7001046B700104CB7001052B7001089
:1007300058B700107D1D0100632C001E9601A01EFD
:100740005A01001F0806101F0606201F0806301F4A
:100750000806401F0606511F0700591F521F5B1F46
:10076000541F5D1F561F5F1F601F0806701F0E007D
:10077000BA1FBB1FC81FC91FCA1FCB1FDA1FDB1F31
:10078000F81FF91FEA1FEB1FFA1FFB1F801F080647
:10079000901F0806A01F0806B01F0400B81FB91F4D
:1007A000B21FBC1FCC1F0100C31FD01F0206E01FD9
:1007B0000206E51F0100EC1FF31F0100FC1F4E2184
:1007C0000100322170211002842101008321D024F4
:1007D0001A05302C2F04602C0201672C0601752CA1
:1007E0000201802C6401002D260841FF1A0300003D
:1007F00061001A03E0001703F8000703FF0001007F
:1008000078010001300132010601390110014A016D
:100810002E017901060180014D0043028101820110
:1008200082018401840186018701870189018A018F
:100830008B018B018D018E018F019001910191013E
:1008400093019401F60196019701980198013D02E8
:100850009B019C019D0120029F01A001A001A2011A
:10086000A201A401A401A601A701A701A901AA014F
:10087000AB01AC01AC01AE01AF01AF01B101B201FE
:10088000B301B301B501B501B701B801B801BA01AF
:10089000BB01BC01BC01BE01F701C001C101C20125
:1008A000C301C401C501C401C701C801C701CA0110
:1008B000CB01CA01CD011001DD0101008E01DE0175
:1008C0001201F3010300F101F401F401F801280120
:1008D000220212013A020900652C3B023B023D0252
:1008E000662C3F0240024102410246020A015302C5
:1008F000400081018601550289018A0158028F0159
:100900005A0290015C025D025E025F029301610285
:100910006202940164026502660267029701960111
:100920006A02622C6C026D026E029C0170027102FE
:100930009D01730274029F017602770278027902A8
:100940007A027B027C02642C7E027F02A601810275
:100950008202A9018402850286028702AE01440256
:10096000B101B20145028D028E028F029002910206
:10097000B7017B030300FD03FE03FF03AC03040088
:100980008603880389038A03B1031103C2030200AB
:10099000A303A303C4030803CC0303008C038E0347
:1009A0008F03D8031801F2030A00F903F303F403D9
:1009B000F503F603F703F703F903FA03FA03300428
:1009C000200350041007600422018A043601C10488
:1009D0000E01CF040100C004D004440161052604C7
:1009E00000000000C700FC00E900E200E400E000B5
:1009F000E500E700EA00EB00E800EF00EE00EC00A5
:100A0000C400C500C900E600C600F400F600F2000C
:100A1000FB00F900FF00D600DC00A200A300A50047
:100A2000A7209201E100ED00F300FA00F100D100EF
:100A3000AA00BA00BF001023AC00BD00BC00A1009A
:100A4000AB00BB0091259225932502252425612525
:100A50006225562555256325512557255D255C259D
:100A60005B251025142534252C251C2500253C2527
:100A70005E255F255A255425692566256025502564
:100A80006C25672568256425652559255825522537
:100A900053256B256A2518250C25882584258C254A
:100AA00090258025B103DF009303C003A303C30394
:100AB000B500C403A6039803A903B4031E22C6030A
:100AC000B50329226122B10065226422202321235B
:100AD000F7004822B0001922B7001A227F20B20086
:100AE000A025A000636C695F696E69740000000056
:100AF0005CFD001064FD001001000000000000001B
:100B0000CDC2001018FD00101CFD001001000000F7
:100B10000000000001C40010D8FC0010DCFC001034
:100B20000100000000000000ADC40010A4FC001093
:100B3000A8FC00100100000000000000E1C400104B
:100B400044FC001048FC0010010000000000000000
:100B5000A5C5001000FC001004FC001001000000FE
:100B60000000000051C60010A8FB0010B0FB0010F0
:100B7000010000000000000091C6001070FB001092
:100B800074FB00100100000000000000C5C600104A
:100B900038FB00103CFB00100100000000000000CA
:100BA00011C70010002020202020202020202828ED
:100BB000282828202020202020202020202020201D
:100BC000202020202088101010101010101010105D
:100BD000101010101004040404040404040404108D
:100BE000101010101010414141414141010101011B
:100BF00001010101010101010101010101010101E5
:100C000010101010101042424242424202020202F0
:100C100002020202020202020202020202020202B4
:100C20001010101020000000000000000000000064
:100C300000000000000000000000000000000000B4
:100C400000000000000000000000000000000000A4
:100C50000000000000000000000000000000000094
:100C60000000000000000000000000000000000084
:100C70000000000000000000000000000000000074
:100C80000000000000000000000000000000000064
:100C90000000000000000000000000000000000054
:080CA00000000000000000004C
:100CA80040030110A8030110B4030110C003011090
:100CB800CC030110D8030110E4030110F003011064
:100CC80070B504000E004378012B1FD91C4B1D681A
:100CD8006A69EFF3108172B61368002BFCD0BFF37A
:100CE8005F8FA9612100280000F0C6F96A69AB6925
:100CF800BFF35F8F0021116083F31088002817D09D
:100D080020786178320000F0C7F970BD0279002AB6
:100D1800DCD10C4A917800780A00C240D207F4D49A
:100D2800002BD3D101228240064B11439970CDE7A5
:100D38009E2205490548520000F0B6F9E5E7C0468D
:100D48009C1B0020EC04002048FF001058E0001015
:100D580010B503000468EFF3108272B6206800280B
:100D6800FCD0BFF35F8F0420185600280BDB002946
:100D780010D0086000201B68BFF35F8F0021196046
:100D880082F3108810BDD0210906097849B219717B
:100D98000120F0E70020EEE7F0B5D6464F4646467C
:100DA800C0B50500904699460368002B20D0D02393
:100DB8001B061B785BB29A462F68EFF3108472B655
:100DC8003E68002EFCD0BFF35F8F0423EB56002B48
:100DD80014DB2B68BFF35F8F00221A6084F310883E
:100DE8004046494600F068F90028E5D000200FE0A9
:100DF8000A4B0B4A0B48A62100F06EF953462B719B
:100E08002B68BFF35F8F00221A6084F310880120DB
:100E1800E0BCBA46B146A846F0BDC046ECEF0010AB
:100E2800DC020110A0EF001070B582B006001500BA
:100E38001C0001A9FFF78CFF002807D1019B5BB2BA
:100E4800D0221206127852B2934201D102B070BD7C
:100E58002A0023003000FFF79FFFF7E7F8B50600E8
:100E68000F0000F031F904000D00FA22920000236F
:100E78003800002100F008F922002B0012184B411D
:100E8800002B03DB3000FFF787FFF8BD0122524239
:100E9800004BF7E7FFFFFF7F10B50168EFF3108302
:100EA80072B60A68002AFCD0BFF35F8F042282560C
:100EB800002A0ADBFF2202710268BFF35F8F00215C
:100EC800116083F3108840BF10BD034B034A0448E8
:100ED800D52100F001F9C04600F00010D002011041
:100EE800A0EF0010094B1B78002B08D00CE09A00EB
:100EF80080214905511808680549505001333F2B96
:100F0800F5DD024B01221A707047C0468B31002074
:100F1800701C002010B5014B984710BD711C0020B3
:100F2800002305E09A00044951184968115001331B
:100F3800052BF7D97047C0460000024010B50022C3
:100F480006E093001958044CA446634459600132E2
:100F5800052AF6D910BDC0460000024000280AD074
:100F680003231B02054A12685340C0229200134013
:100F7800034A136070470223F3E7C0460C80014020
:100F88000C900140F0B5D6464F464646C0B586B0EF
:100F980007000E00150018239A461B881422904655
:100FA80010882D499847814653461B884246108829
:100FB8002A499847040053461B8842461088284906
:100FC800984780464B46002B0FD0002C0DD00028A8
:100FD8000BD0FFF787FF6846FFF7A2FFC847A04777
:100FE8000020FFF7BBFF2A0010E01E4B1E4A8A2193
:100FF8001E48490000F070F8002B07D0002A05D0E1
:10100800C0235B051B6E3370013A01362B00134376
:1010180012D0C0235B059C6A08232340A407EBD5A4
:10102800002DE9D0511B0D29E6D83878C021490593
:101038000866013D0137DFE70120FFF78FFFC04752
:10104800FFF768FF6846FFF779FF06B0E0BCBA46CD
:10105800B146A846F0BDC0464946000045580000C4
:1010680046430000F4F200104C030110A8F10010F0
:101078007047C0460000000001B40248844601BC25
:10108800604700BFF342001001B40248844601BC27
:10109800604700BFDD68001001B40248844601BC07
:1010A800604700BFF312001001B40248844601BC37
:1010B800604700BFB980001001B40248844601BCF3
:1010C800604700BF9552001001B40248844601BC35
:1010D800604700BF6954001001B40248844601BC4F
:1010E800604700BF297D001001000000FF000000DC
:1010F80000000000000000000000000000000000E8
:101108000000000000000000A01B002010000C00E0
:1011180000000000000000000000000000000000C7
:1011280000000000000000000000010000000000B6
:1011380000000000000002000000000000000000A5
:101148000000030000000000000000000000FF0095
:101158000000000001B5486801318E46004770461E
:1011680009380149884701BD0949001010000000ED
:101178000000000000000000000000000000000067
:1011880000000000600B00200000000000000000CC
:10119800503300004C330000543300005233000039
:1011A8004D5300004D430000533400004334000009
:1011B800D18000109D81001049810010F18000103D
:1011C800F3800010F5800010F9800010FB800010FB
:1011D800F9810010FD800010FF80001001810010CF
:1011E8000381001005810010D0210020FFFFFFFFC0
:1011F80000000200000000000000000000000000E5
:10120800F8050020F8050020000600200006002050
:1012180008060020080600201006002010060020FE
:1012280018060020180600202006002020060020AE
:10123800280600202806002030060020300600205E
:10124800380600203806002040060020400600200E
:1012580048060020480600205006002050060020BE
:10126800580600205806002060060020600600206E
:10127800680600206806002070060020700600201E
:1012880078060020780600208006002080060020CE
:10129800880600208806002090060020900600207E
:1012A8009806002098060020A0060020A00600202E
:1012B800A8060020A8060020B0060020B0060020DE
:1012C800B8060020B8060020C0060020C00600208E
:1012D800C8060020C8060020D0060020D00600203E
:1012E800D8060020D8060020E0060020E0060020EE
:1012F800E8060020E8060020F0060020F00600209E
:10130800F8060020F806002000070020000700204B
:1013180008070020080700201007002010070020F9
:1013280018070020180700202007002020070020A9
:101338002807002028070020300700203007002059
:101348003807002038070020400700204007002009
:1013580048070020480700205007002050070020B9
:101368005807002058070020600700206007002069
:101378006807002068070020700700207007002019
:1013880078070020780700208007002080070020C9
:101398008807002088070020900700209007002079
:1013A8009807002098070020A0070020A007002029
:1013B800A8070020A8070020B0070020B0070020D9
:1013C800B8070020B8070020C0070020C007002089
:1013D800C8070020C8070020D0070020D007002039
:1013E800D8070020D8070020E0070020E0070020E9
:1013F800E8070020E8070020F0070020F007002099
:10140800F8070020F8070020000800200008002046
:1014180008080020080800201008002010080020F4
:1014280018080020180800202008002020080020A4
:101438002808002028080020300800203008002054
:101448003808002038080020400800204008002004
:1014580048080020480800205008002050080020B4
:101468005808002058080020600800206008002064
:101478006808002068080020700800207008002014
:1014880078080020780800208008002080080020C4
:101498008808002088080020900800209008002074
:1014A8009808002098080020A0080020A008002024
:1014B800A8080020A8080020B0080020B0080020D4
:1014C800B8080020B8080020C0080020C008002084
:1014D800C8080020C8080020D0080020D008002034
:1014E800D8080020D8080020E0080020E0080020E4
:1014F800E8080020E8080020F0080020F008002094
:10150800F8080020F8080020000900200009002041
:1015180008090020080900201009002010090020EF
:10152800180900201809002020090020200900209F
:10153800280900202809002030090020300900204F
:1015480038090020380900204009002040090020FF
:1015580048090020480900205009002050090020AF
:10156800580900205809002060090020600900205F
:10157800680900206809002070090020700900200F
:1015880078090020780900208009002080090020BF
:10159800880900208809002090090020900900206F
:1015A8009809002098090020A0090020A00900201F
:1015B800A8090020A8090020B0090020B0090020CF
:1015C800B8090020B8090020C0090020C00900207F
:1015D800C8090020C8090020D0090020D00900202F
:1015E800D8090020D8090020E0090020E0090020DF
:1015F800E8090020E8090020F0090020F00900208F
:10160800080A002000000000000000002C0F002045
:10161800940F0020FC0F00200000000000000000D4
:1016280000000000000000000000000000000000B2
:1016380000000000000000000000000000000000A2
:101648000000000000000000000000000000000092
:101658000000000000000000000000000000000082
:101668000000000000000000000000000000000072
:101678000000000000000000000000000000000062
:101688000000000000000000000000000000000052
:101698000000000000000000000000000000000042
:1016A80001000000000000000E33CDAB34126DE6DF
:1016B800ECDE05000B000000000000000000000048
:1016C8000000000000000000000000000000000012
:1016D8000000000000000000000000000000000002
:1016E80000000000000000000000000000000000F2
:1016F80000000000000000000000000000000000E2
:1017080000000000000000000000000000000000D1
:1017180000000000000000000000000000000000C1
:1017280000000000000000000000000000000000B1
:1017380000000000000000000000000000000000A1
:10174800000000000000000000000000030000008E
:0C1758002C0F002000000000000000002A
:04000005100001E9FD
:00000001FF
